member_id,member_name,phone,email_id,tier,points_balance,dob,joined_on
BH-100000,Mohan Joshi,8288940886,mohan_joshi0@rediffmail.com,bronze,709,25/08/1993,2025-11-19
BH-100001,Aditya Chatterjee,8689158766,aditya_chatterjee1@outlook.com,platinum,224,25/08/1962,2024-10-04
BH-100003,Divya K.,8968346576,divya_khan3@outlook.com,bronze,168,29/11/1963,2025-10-25
BH-100005,Sanjay Krishnan,8085199065,sanjay.krishnan5@yahoo.com,bronze,481,20/08/1968,2025-11-09
BH-100006,rakesh reddy,9634496606,rakesh.reddy6@rediffmail.com,bronze,76,16/11/1960,2024-11-16
BH-100008,Gaurav Reddy,8640791850,gaurav.reddy8@outlook.com,bronze,555,03/09/1976,2024-09-17
BH-100015,K. Mehta,8064844411,kunalmehta15@yahoo.com,silver,663,29/09/2006,2026-05-01
BH-100019,ananya menon,9116043115,ananya.menon19@rediffmail.com,silver,543,27/04/1974,2025-08-03
BH-100020,Naveen Mishra,9416467855,naveen.mishra20@hotmail.com,platinum,1597,14/05/1968,2025-01-02
BH-100022,A. Bhat,9700164461,amitbhat22@rediffmail.com,bronze,36,15/08/1961,2024-10-09
BH-100024,Faisal Patel,9033600962,faisalpatel24@rediffmail.com,gold,931,12/01/1971,2024-11-21
BH-100025,Neha Roy,7288354174,neha_roy25@yahoo.com,bronze,3978,21/10/1987,2025-10-17
BH-100026,Hemant S.,9380517706,hemantsaxena26@hotmail.com,bronze,685,20/06/1988,2025-09-24
BH-100028,Tara Ali,8880893081,tara_ali28@yahoo.com,silver,1548,30/03/1989,2025-09-08
BH-100029,Vinay Yadav,9495307062,vinay_yadav29@yahoo.com,bronze,2975,15/09/2000,2025-05-20
BH-100031,Bhavana Iyer,8231515907,bhavanaiyer31@gmail.com,bronze,54,23/11/1995,2025-09-11
BH-100033,Arjun Pandey,9911849881,arjun_pandey33@rediffmail.com,bronze,1427,13/09/1990,2025-03-27
BH-100034,Zara Pillai,7494779233,zara_pillai34@hotmail.com,bronze,465,24/09/1962,2025-08-11
BH-100037,Aditya Sheikh,9173466288,adityasheikh37@rediffmail.com,gold,126,01/04/2002,2026-02-27
BH-100039,Rajesh Ahmed,8514157842,rajesh_ahmed39@gmail.com,bronze,1917,02/03/1987,2025-10-09
BH-100042,Yash Gupta,7636151877,yashgupta42@rediffmail.com,gold,428,04/11/1984,2025-08-26
BH-100043,Deepak Kumar,8527469881,deepak_kumar43@rediffmail.com,silver,713,08/09/1980,2025-01-02
BH-100044,Abhishek Desai,7337102013,abhishekdesai44@gmail.com,gold,177,27/11/1961,2024-12-23
BH-100045,R. Saxena,9987545508,rahulsaxena45@yahoo.com,bronze,3394,15/03/1999,2024-07-31
BH-100046,Shreya S.,7428776669,shreya.saxena46@outlook.com,bronze,2068,23/11/1987,2024-07-10
BH-100047,Aliya Joshi,7856071346,aliya.joshi47@hotmail.com,bronze,166,30/09/1992,2026-04-22
BH-100049,Trisha Desai,7656609541,tirsha.desai49@gmail.com,bronze,612,25/12/2000,2026-03-15
BH-100051,T. Banerjee,8405779277,tarun_banerjee51@rediffmail.com,platinum,2480,27/09/1966,2025-08-18
BH-100052,Ananya Yadav,9362916620,ananya.yada5v2@outlook.com,silver,1529,05/06/2007,2025-12-19
BH-100053,Prakash Trivedi,9534172876,prakashtrivedi53@outlook.com,bronze,864,11/03/1970,2026-04-27
BH-100055,sapna chatterjee,9318597216,sapnachatterjee55@gmail.com,platinum,143,02/02/1964,2026-02-28
BH-100056,Pooja Hussain,8706761617,pooja_hussain56@outlook.com,bronze,3590,25/11/1969,2025-04-28
BH-100058,Amit M.,9185883211,amit.malhotra58@yahoo.com,silver,95,30/06/1971,2025-08-27
BH-100060,riya shah,9801924998,riya_shah60@gmail.com,gold,1057,27/04/2006,2026-01-09
BH-100062,Tarun Banerjee,9839940094,tarun.banerjee62@rediffmail.com,bronze,886,28/07/1967,2025-04-25
BH-100063,Sushma C.,7747394018,sushmachatterjee63@hotmail.com,bronze,3328,17/01/1964,2025-12-07
BH-100064,Anil Roy,7869959095,anilroy64@outlook.com,bronze,594,02/03/1989,2025-10-01
BH-100065,Pratiksha Joshi,8100608097,pratikshajoshi65@hotmail.com,bronze,221,07/10/1971,2024-11-26
BH-100066,Anil Agarwal,8967661390,anil.agarwal66@hotmail.com,silver,441,26/04/1994,2024-06-21
BH-100067,G. Pillai,7574918300,geeta.pillai67@hotmail.com,bronze,2423,28/03/1968,2025-06-02
BH-100068,Madhuri Yadav,8664100160,madhuri.yadav68@rediffmail.com,bronze,1966,26/04/1987,2025-09-24
BH-100070,Geeta Ali,9307682349,geetaali70@gmail.com,bronze,2154,27/12/1995,2026-03-19
BH-100072,Nikhil Patel,8556568648,nikhil_patle72@outlook.com,bronze,2404,17/06/2000,2025-06-09
BH-100073,M. Ahmed,7087623186,meera_ahmed73@hotmail.com,silver,431,04/11/1996,2025-12-22
BH-100074,Asha Subramanian,7804040361,asha_subramanian74@outlook.com,bronze,556,02/05/1963,2025-01-14
BH-100075,T. Sheikh,7177222223,trishasheikh75@outlook.com,bronze,1089,01/10/1994,2024-10-26
BH-100076,Asha Sharma,8286433631,asha.sharma76@yahoo.com,silver,2207,21/12/1982,2025-08-28
BH-100077,Gaurav Chatterjee,9805058949,gaurav.chatterjee77@rediffmail.com,bronze,1806,12/05/2001,2025-09-14
BH-100078,Aarti Agarwal,9542258792,aarti.agarwal78@rediffmail.com,bronze,668,09/10/1979,2026-02-19
BH-100081,Divya Shah,8371296371,divyashah81@outlook.com,silver,1931,11/09/1976,2025-07-11
BH-100082,Naveen Subramanian,8587804980,naveen.subramanian82@yahoo.com,silver,132,08/02/1962,2025-03-16
BH-100084,Rajesh Das,7064133620,rajesh_das84@outlook.com,bronze,242,13/03/1987,2025-09-21
BH-100085,Nisha S.,8509177794,nisha.sheikh85@yahoo.com,bronze,2554,09/01/1997,2025-05-31
BH-100086,Siddharth Patel,8196445862,siddharthpatel86@outlook.com,gold,404,11/07/1993,2026-03-04
BH-100087,Priya Reddy,7049302401,priya_reddy87@outlook.com,silver,1216,25/11/1989,2025-08-15
BH-100088,Nikhil Roy,8204262722,nikhil_roy88@rediffmail.com,silver,497,03/11/1990,2024-11-20
BH-100092,Riya Nair,7888797029,riya.nair92@hotmail.com,silver,996,02/01/2004,2025-02-26
BH-100094,tara saxena,9495911508,tarasaxena94@rediffmail.com,bronze,2952,28/04/1969,2024-11-30
BH-100095,amit banerjee,8767583451,amit.banerjee95@outlook.com,silver,4303,18/09/1983,2025-07-16
BH-100096,M. Rao,9867191633,mohan_rao96@yahoo.com,bronze,553,31/12/1978,2024-09-10
BH-100097,Ananya Nair,8477791415,ananyanair97@gmail.com,bronze,1182,13/03/2002,2025-06-16
BH-100098,Aarti Singh,8547852964,aarti_singh98@hotmail.com,bronze,156,23/05/1991,2024-07-16
BH-100099,Neha Tiwari,7229080795,neha.tiwari99@gmail.com,bronze,1018,14/06/1980,2025-09-13
BH-100100,Aarti Sharma,9488957286,aarti.sharma100@outlook.com,gold,106,25/01/2008,2024-09-24
BH-100101,Z. Sheikh,8262712053,zarasheikh101@rediffmail.com,silver,2903,28/03/1998,2025-02-19
BH-100102,Aliya Ahmed,7424876730,aliyaahmed102@rediffmail.com,platinum,3101,23/04/1992,2025-06-28
BH-100103,Arjun Ahmed,8746717029,arjunahmed103@rediffmail.com,silver,1818,12/05/1993,2024-09-07
BH-100105,Zara Menon,8390106983,zaramenon105@gmail.com,silver,481,31/05/1994,2024-07-18
BH-100107,Neha N.,7723770504,neha_nair107@yahoo.com,bronze,428,29/10/1969,2025-04-15
BH-100108,A. Pillai,7716654456,abhishekpillai108@gmail.com,bronze,2205,24/06/1976,2025-07-18
BH-100109,Madhuri Reddy,8428363660,madhuri_reddy109@yahoo.com,silver,2828,09/12/2004,2025-06-08
BH-100111,L. Joshi,9620292973,lakshmi.joshi111@gmail.com,silver,768,27/05/2000,2026-03-20
BH-100113,Rajesh Malhotra,7057723929,rajesh_malhotra113@gmail.com,gold,98,03/05/2003,2024-07-22
BH-100114,Pooja Joshi,8691384897,poojajoshi114@hotmail.com,gold,111,15/11/2006,2025-08-19
BH-100115,Priya Sheikh,9288677429,priyasheikh115@yahoo.com,silver,1162,15/11/1974,2025-10-13
BH-100119,Komal P.,9531263127,komal_pandey119@outlook.com,bronze,1244,16/07/1994,2024-11-21
BH-100120,Nitin Nair,8550339426,nitin_nair120@gmail.com,gold,1628,13/10/1963,2025-02-03
BH-100122,Abhishek Naidu,9071287686,abhishek_naidu122@hotmail.com,bronze,739,08/01/1976,2024-12-10
BH-100123,faisal pandey,7989761644,faisal_pandey123@yahoo.com,platinum,3564,26/12/1962,2024-10-18
BH-100125,Madhuri Sen,7375777411,madhuri_sen125@outlook.com,bronze,2816,13/10/2007,2025-10-27
BH-100127,Swati Malhotra,7655477563,swatimalhotra127@gmail.com,silver,180,27/07/1984,2025-12-25
BH-100128,smita tiwari,8256647853,smita.tiwari128@gmail.com,silver,670,22/06/1978,2024-08-31
BH-100130,B. Malhotra,7233726324,bhavana_malhotra130@yahoo.com,bronze,115,23/09/1967,2024-10-18
BH-100131,Trisha Singh,7529069868,trisha.singh131@hotmail.com,silver,1930,26/12/2005,2025-11-05
BH-100132,Mohan V.,7903725038,mohan.verma132@gmail.com,silver,616,19/08/1970,2025-07-27
BH-100133,Sapna Verma,9840757410,sapna.verma133@yahoo.com,bronze,2110,05/08/1987,2024-11-17
BH-100135,M. Agarwal,9469189930,manishagarwal135@rediffmail.com,gold,527,12/10/2007,2025-03-18
BH-100136,mohan ali,7609142138,mohanali136@gmail.com,bronze,476,02/10/1989,2024-06-27
BH-100138,Suresh Trivedi,7099932419,suresh_trivedi138@hotmail.com,platinum,1269,19/04/1992,2026-02-25
BH-100139,Naveen Krishnan,7280448977,naveenkrishnan139@yahoo.com,silver,423,27/12/2006,2024-10-31
BH-100141,Kunal Qureshi,7669386700,kunalqureshi141@yahoo.com,silver,187,05/01/1986,2026-01-27
BH-100144,Karthik Nair,8464354513,karthik.nair144@outlook.com,bronze,145,04/09/1991,2025-11-19
BH-100145,Aditya Mishra,7504390077,aditya_mishra145@outlook.com,bronze,3285,21/08/1997,2025-08-07
BH-100146,Nikhil Yadav,8334492331,nikhil.yadav146@gmail.com,silver,969,27/03/1996,2025-08-03
BH-100149,Deepak Sheikh,9183661482,deepak.sheikh149@hotmail.com,silver,2961,21/07/1985,2024-10-20
BH-100152,P. Malhotra,7109393560,pooja_malhotra152@gmail.com,gold,162,03/08/1995,2026-02-19
BH-100153,Pooja Nair,8479933406,pooja.nair153@yahoo.com,gold,1990,19/10/1971,2026-01-14
BH-100154,Aditya Ali,7724248642,aditya.ali154@yahoo.com,silver,1295,22/05/1983,2025-06-20
BH-100156,Ishita Qureshi,8854691560,ishitaqureshi156@hotmail.com,silver,681,31/07/1973,2025-04-15
BH-100157,Deepak Trivedi,7048591914,deepaktrivedi157@gmail.com,bronze,565,04/04/1982,2025-04-14
BH-100158,L. Menon,9000277819,latha.menon158@hotmail.com,gold,1762,13/05/1989,2025-10-19
BH-100160,Sapna Hussain,7117034182,sapna.hussain160@outlook.com,gold,3589,16/03/1973,2025-07-09
BH-100162,Abhishek Bansal,8421259321,abhishekbansal162@gmail.com,bronze,3040,18/01/1996,2025-10-04
BH-100163,Ritu Trivedi,7834589982,ritu_trivedi163@hotmail.com,silver,1598,07/06/1962,2026-04-10
BH-100165,S. Pillai,8168291471,soniapillai165@hotmail.com,bronze,276,10/03/1962,2025-12-08
BH-100166,O. Patel,7332339766,omarpatel166@hotmail.com,bronze,2571,17/03/2006,2026-04-06
BH-100167,Omar Joshi,8121756576,omar_joshi167@rediffmail.com,gold,34,25/02/1967,2025-10-20
BH-100169,Divya Subramanian,9617097816,divyasubramanian169@gmail.com,bronze,2444,03/11/1989,2025-01-23
BH-100170,Komal Rao,7815332107,komal.rao170@rediffmail.com,gold,529,03/12/1985,2025-01-01
BH-100172,tarun naidu,8931537806,tarunnaidu172@outlook.com,gold,844,07/04/1968,2025-05-15
BH-100173,Gaurav Singh,9124753084,gaurav_singh173@rediffmail.com,silver,1144,02/05/1992,2024-07-09
BH-100175,Pooja Ahmed,7702113731,pooja_ahmed175@outlook.com,platinum,134,26/12/1965,2025-10-18
BH-100176,I. Qureshi,8558463772,imran_qureshi176@hotmail.com,silver,381,27/03/1962,2024-11-16
BH-100177,Neha Ali,7842506907,neha_ali177@rediffmail.com,gold,1131,23/08/2003,2025-02-28
BH-100179,Harish Verma,7887592360,harishverma179@outlook.com,silver,249,27/10/1986,2024-10-13
BH-100180,ritu joshi,9538264913,ritu_joshi180@gmail.com,silver,824,13/04/1995,2026-01-10
BH-100181,Pooja Reddy,9284816496,poojareddy181@gmail.com,bronze,108,18/01/1965,2024-10-29
BH-100182,Amit Patel,8828353311,amit.patel182@rediffmail.com,gold,552,10/06/1998,2026-03-24
BH-100185,Omar Khanna,9877862888,omar.khanna185@gmail.com,bronze,429,18/05/1981,2025-09-19
BH-100186,Suresh Sharma,9307876466,sureshsharma186@hotmail.com,bronze,120,30/08/2000,2024-10-20
BH-100187,Mahesh Bose,9380792859,mahesh.bose187@gmail.com,bronze,194,27/09/1976,2026-03-01
BH-100188,Ananya S.,7437451164,ananya.saxena188@outlook.com,silver,1959,30/11/1987,2024-08-21
BH-100189,Madhuri Sharma,7477462953,madhuri_sharma189@rediffmail.com,bronze,167,04/11/1987,2026-02-04
BH-100190,Harish Singh,7479605992,harish.singh190@yahoo.com,bronze,801,08/08/1980,2024-08-02
BH-100195,Gaurav Singh,7566033346,gaurav.singh195@outlook.com,silver,751,19/03/1983,2025-12-29
BH-100196,prakash subramanian,8231561987,prakashsubramanian196@rediffmail.com,silver,414,20/08/1967,2026-05-02
BH-100197,Mohan Singh,9678599537,mohan.singh197@rediffmail.com,bronze,1243,14/04/2006,2025-10-03
BH-100198,Yash Verma,7542405562,yash.verma198@rediffmail.com,bronze,3243,08/01/1979,2026-02-16
BH-100199,Tanya Ahmed,7908182462,tanya_ahmed199@rediffmail.com,bronze,37,07/07/1982,2026-02-03
BH-100200,Rohit Trivedi,8354816067,rohit.trivedi200@hotmail.com,silver,403,13/11/1968,2026-02-16
BH-100201,Sandeep K.,9092973820,sandeep_kapoor201@gmail.com,bronze,1390,29/05/1972,2025-12-07
BH-100202,Pratiksha Shah,9893580236,pratiksha.shah202@gmail.com,bronze,1673,19/04/1976,2024-11-01
BH-100203,riya kapoor,8192475712,riyakapoor203@yahoo.com,bronze,1443,27/06/2001,2026-03-21
BH-100204,Prakash Tiwari,9858431520,prakashtiwrai204@rediffmail.com,bronze,65,15/11/2002,2025-01-23
BH-100206,H. Bansal,7660458445,harish.bansal206@yahoo.com,silver,631,31/01/1966,2024-11-08
BH-100208,Akash Choudhary,9553898825,akash.choudhary208@rediffmail.com,bronze,701,26/11/1963,2026-02-11
BH-100209,Sapna Rao,9526602716,sapna_rao209@rediffmail.com,platinum,1914,26/05/2005,2025-06-03
BH-100211,Rohan Gupta,7961713086,rohan_gupta211@yahoo.com,bronze,375,19/06/1984,2024-09-25
BH-100212,Neha Khanna,7505110414,neha_khanna212@gmail.com,silver,980,10/01/1986,2024-09-20
BH-100213,Saurabh Mishra,9861496122,saurabh_mishra213@yahoo.com,silver,1491,05/01/1963,2024-12-03
BH-100214,Arjun Malhotra,9494993141,arjunmalhotra214@yahoo.com,bronze,1256,25/10/1994,2025-11-30
BH-100215,Kavya Chatterjee,9586306471,kavyachatterjee215@outlook.com,bronze,1331,01/02/1966,2024-10-30
BH-100216,Sushma Iyer,9975900155,sushma.iyer216@yahoo.com,gold,286,06/09/1998,2026-04-25
BH-100218,Ritu Bose,7940154035,ritu.bose218@rediffmail.com,silver,1012,21/03/2006,2026-02-26
BH-100219,Tarun Bansal,9498136098,tarunbansal219@outlook.com,gold,1065,01/04/2008,2025-12-25
BH-100220,Suresh Tiwari,8594258222,sureshtiwari220@rediffmail.com,bronze,2107,24/03/1992,2025-09-03
BH-100222,Jaya Nair,7425139638,jaya_nair222@outlook.com,bronze,2195,17/06/1972,2024-07-23
BH-100223,Aditya Krishnan,8902139940,aidtya.krishnan223@gmail.com,gold,1774,23/01/1961,2026-05-08
BH-100226,smita kapoor,7379231999,smitakapoor226@rediffmail.com,bronze,206,25/06/1983,2024-07-25
BH-100227,Ananya Ali,9945462350,ananyaali227@gmail.com,gold,1300,24/09/2001,2024-08-23
BH-100228,Akash Sheikh,7546211046,akash.sheikh228@rediffmail.com,bronze,124,16/06/1972,2025-08-13
BH-100229,Tara Ahmed,8557844908,tara.ahmed229@yahoo.com,bronze,267,26/02/1983,2025-02-27
BH-100230,Nisha Qureshi,7701060750,nishaqureshi230@gmail.com,gold,204,09/04/1997,2025-09-10
BH-100231,Ananya Q.,7851154654,ananya_qureshi231@gmail.com,silver,1614,24/09/1978,2025-10-19
BH-100232,Geeta Khanna,7413888694,geetakhanna232@gmail.com,gold,3702,23/03/1963,2026-04-18
BH-100233,Zara B.,9434393845,zara.bansal233@rediffmail.com,silver,3131,04/11/2006,2025-03-14
BH-100235,Vikram Menon,8911573476,vikrammenon235@outlook.com,gold,1485,23/03/1999,2025-04-18
BH-100236,Sandeep J.,7441303368,sandeep_joshi236@outlook.com,bronze,1792,01/10/1977,2026-03-01
BH-100237,Naveen Mishra,8108462308,naveenmishra273@rediffmail.com,bronze,3401,10/07/2007,2024-08-02
BH-100239,rakesh iyer,9310360610,rakesh_iyer239@yahoo.com,silver,836,21/12/1995,2025-02-22
BH-100241,Arjun Khan,9040481479,arjunkhan241@gmail.com,bronze,209,17/09/2007,2025-08-03
BH-100242,Sonia Mehta,8912655802,soniamehta242@outlook.com,silver,1395,18/04/1994,2024-07-19
BH-100247,Karthik Yadav,9392150480,karthik.yadav247@hotmail.com,silver,176,12/12/1981,2025-01-10
BH-100248,tara ali,7735899049,tara.ali248@gmail.com,bronze,2159,13/09/2001,2024-06-28
BH-100250,Rekha Qureshi,8805246598,rekha.qureshi250@hotmail.com,bronze,1178,07/03/1999,2025-09-27
BH-100251,Suresh M.,7904456285,sureshmenon251@rediffmail.com,bronze,2037,20/12/1973,2026-01-21
BH-100253,Pratiksha Krishnan,9754344433,pratiksha_krishnan253@hotmail.com,gold,3468,06/02/1974,2024-06-30
BH-100254,Sapna M.,8997093287,sapna.malhotra254@hotmail.com,bronze,3003,08/09/1990,2024-07-30
BH-100259,Gaurav Ahmed,8330897344,gaurav_ahmed259@yahoo.com,platinum,1914,16/11/1979,2025-12-29
BH-100260,Bhavana Singh,9148371646,bhavana.singh260@hotmail.com,bronze,2369,29/05/1973,2024-09-25
BH-100261,Smita Trivedi,9850577996,smitatrivedi261@outlook.com,bronze,498,08/12/1982,2025-12-06
BH-100263,rajesh khan,9480699905,rajesh.khan263@hotmail.com,silver,526,24/04/1976,2024-08-27
BH-100264,Rashmi Mukherjee,9071997401,rashmi_mukherjee264@hotmail.com,silver,1437,01/01/1976,2026-03-30
BH-100266,Vinay Khan,9648154135,vinaykhan266@gmail.com,silver,13,25/08/1976,2025-12-07
BH-100267,G. Roy,8474294642,geetaroy267@rediffmail.com,bronze,1370,12/06/2008,2025-12-10
BH-100268,Sanjay Iyer,8373694626,sanjayiyer268@hotmail.com,bronze,515,12/01/1977,2025-12-11
BH-100269,M. Malhotra,8352593057,mohan_malhotra269@yahoo.com,bronze,282,01/07/1969,2024-12-04
BH-100270,Rohan Patel,7780789646,rohan_patel270@gmail.com,bronze,1512,18/10/2002,2025-10-28
BH-100272,Varun Nair,9929004687,varun.nair272@hotmail.com,bronze,357,05/08/1996,2025-05-14
BH-100273,smita shah,8316413995,smitashah273@yahoo.com,gold,1815,27/09/1999,2025-08-01
BH-100275,rajesh sheikh,8317601436,rajeshsheikh275@outlook.com,silver,1404,22/06/1999,2024-09-20
BH-100276,pratiksha rao,9027988453,pratiksha.rao276@gmail.com,silver,2637,25/07/1988,2025-05-18
BH-100277,Geeta Ahmed,8412836864,geetaahmed277@hotmail.com,silver,54,22/11/1978,2025-06-01
BH-100279,Megha Mukherjee,7277581570,megha_mukherjee279@outlook.com,gold,234,22/08/1971,2024-09-11
BH-100283,Pallavi Singh,7810052346,pallavisingh283@hotmail.com,silver,1207,02/05/1974,2025-08-03
BH-100284,V. Subramanian,7878757242,vinaysubramanian284@hotmail.com,bronze,883,20/04/2003,2025-01-19
BH-100285,Anjali P.,9964871605,anjalipillai285@hotmail.com,silver,1571,29/06/1987,2025-01-13
BH-100286,Abhishek Pillai,8389978588,abhishek_pillai286@gmail.com,silver,690,11/04/1968,2025-07-02
BH-100287,Tara Pillai,8317201766,tara_pillai287@hotmail.com,bronze,1995,31/05/1974,2024-08-09
BH-100288,Vinay Agarwal,7839174278,vinay_agarwal288@yahoo.com,bronze,707,08/08/1997,2024-10-11
BH-100289,Sandeep Bansal,8311127125,sandeep_bansal289@rediffmail.com,gold,4263,03/12/1965,2025-08-03
BH-100291,Pranav Pandey,7117432458,pranav.pandey291@outlook.com,bronze,1207,31/10/1990,2026-04-24
BH-100292,R. Saxena,7238636478,ritu_saxena292@yahoo.com,silver,640,05/08/1992,2025-03-14
BH-100293,K. Desai,9845045454,kiran_desai293@outlook.com,bronze,206,18/10/1976,2024-06-23
BH-100294,Karthik Malhotra,7673778385,karthik_malhotra294@hotmail.com,bronze,60,13/09/1963,2025-06-14
BH-100295,meera gupta,8578690640,meeragupta295@rediffmail.com,bronze,255,11/04/1973,2024-10-13
BH-100296,R. Sharma,9066272835,ritu.sharma296@gmail.com,bronze,1160,23/05/2003,2024-08-25
BH-100298,Sandeep Mukherjee,8941956851,sandeep.mukherjee298@outlook.com,silver,1055,19/01/1996,2026-02-23
BH-100299,Rakesh Ali,7718924120,rakeshali299@rediffmail.com,gold,297,24/04/1965,2024-12-19
BH-100300,Kunal Trivedi,9373209659,kunal_trivedi300@yahoo.com,platinum,1395,05/07/1962,2025-08-08
BH-100302,Mohan Naidu,7722232074,mohan_naidu302@hotmail.com,bronze,4222,03/11/1963,2024-08-16
BH-100303,Kiran Das,9304579063,kiran.das303@rediffmail.com,gold,139,17/11/1994,2024-07-12
BH-100304,Shreya Tiwari,8201848462,shreya.tiwari034@yahoo.com,bronze,1060,12/12/1973,2025-11-28
BH-100305,Aliya Sharma,9733343289,aliyasharma305@rediffmail.com,bronze,1337,09/05/1977,2025-01-22
BH-100306,Sushma Pillai,9223969808,sushma_pillai306@hotmail.com,bronze,421,06/09/1993,2024-11-20
BH-100307,Pallavi Subramanian,8593454231,pallavi.subramanian307@yahoo.com,bronze,1032,30/08/1994,2025-08-12
BH-100308,K. Trivedi,7926818877,karthik.trivedi308@hotmail.com,bronze,1335,02/11/1981,2026-04-21
BH-100309,Sandeep Bhat,7518390424,sandeepbhat309@rediffmail.com,bronze,378,13/02/1988,2025-08-23
BH-100310,Ishita Qureshi,8624647215,ishitaqureshi310@hotmail.com,bronze,551,17/11/1977,2025-12-14
BH-100311,N. Kumar,7568781440,neha_kumar311@hotmail.com,platinum,230,23/11/1966,2025-08-21
BH-100312,Harish Khanna,8044374438,harishkhanna312@gmail.com,silver,847,10/07/1973,2026-05-01
BH-100316,Gaurav A.,8755069339,gaurav.agarwal316@yahoo.com,gold,3069,25/11/1969,2025-06-03
BH-100318,Vinay Mehta,7238588232,vinay_mehta318@yahoo.com,silver,4804,29/05/1982,2024-08-30
BH-100319,Rahul Trivedi,7808065310,rahul.trivedi319@outlook.com,silver,779,24/12/1960,2025-07-08
BH-100320,Sapna Reddy,8162273186,sapna_reddy320@hotmail.com,gold,540,03/08/2004,2025-07-10
BH-100322,Aliya Sheikh,9370925767,aliya_sheikh322@hotmail.com,silver,49,22/03/1963,2025-06-17
BH-100330,Gaurav Malhotra,8114786145,gauravmalhotra330@rediffmail.com,bronze,3030,18/02/1986,2025-05-08
BH-100331,R. Trivedi,9764540818,riya_trivedi331@hotmail.com,bronze,2324,28/10/1960,2024-08-26
BH-100332,Pooja Desai,7031973934,pooja.desai332@outlook.com,bronze,632,31/01/1981,2025-11-14
BH-100333,Manish Mehta,7507054964,manish_mehta333@gmail.com,silver,17,17/01/1973,2025-03-27
BH-100334,Arjun S.,8586766865,arjun_subramanian334@outlook.com,silver,1489,06/12/1968,2025-05-27
BH-100335,Harish Malhotra,8399167885,harish.malhotra335@outlook.com,platinum,1091,15/04/1975,2024-12-12
BH-100339,Neha Pillai,7315392552,neha_pillia339@gmail.com,bronze,522,10/09/1976,2024-11-24
BH-100340,Divya R.,7888171496,divya.rao340@gmail.com,bronze,958,17/07/1973,2026-01-11
BH-100342,T. Verma,9951151456,tara.verma342@outlook.com,bronze,104,18/12/2007,2025-10-24
BH-100343,Vinay Singh,9126564958,vinaysingh343@hotmail.com,silver,267,23/09/2001,2024-06-30
BH-100345,Megha Bose,8726147656,megha_bose345@rediffmail.com,gold,1083,22/04/1977,2025-07-09
BH-100346,Sandeep Naidu,7212145088,sandeep.naidu346@hotmail.com,bronze,394,19/05/1995,2025-12-30
BH-100349,Geeta Naidu,7779631340,geeta.naidu349@gmail.com,bronze,438,14/08/1965,2025-06-27
BH-100350,Komal Rao,8607489735,komal.rao350@rediffmail.com,silver,46,12/04/1988,2024-10-20
BH-100351,Meera Kapoor,8212200115,meera_kapoor351@hotmail.com,gold,2440,25/06/1971,2024-12-24
BH-100352,Rohit M.,8392338191,rohitmenon352@yahoo.com,silver,3580,29/07/1993,2026-02-19
BH-100353,Sandeep Agarwal,9130372180,sandeep_agarwal353@gmail.com,bronze,617,25/07/1985,2025-12-13
BH-100354,Ritu Shah,9995261186,ritushah354@hotmail.com,silver,517,15/09/1960,2026-03-15
BH-100355,Ritu S.,8882434067,ritu_sen355@yahoo.com,gold,1532,05/03/1965,2025-09-27
BH-100357,Prakash M.,8356652427,prakashmehta357@gmail.com,bronze,667,23/07/1990,2024-12-01
BH-100358,Imran Sheikh,7469825544,imransheikh358@hotmail.com,gold,3077,05/04/1979,2024-10-19
BH-100359,aishwarya bhat,8050495618,aishwarya_bhat359@hotmail.com,platinum,129,21/10/1997,2025-09-21
BH-100360,Sushma Tiwari,8474144257,sushma_tiwari360@gmail.com,bronze,895,11/04/2003,2024-08-08
BH-100361,Meera Tiwari,8280915583,meeratiwari361@outlook.com,bronze,1645,05/04/1996,2025-05-18
BH-100362,Aarti Ahmed,9514636384,aarti_ahmed362@yahoo.com,platinum,126,01/10/2005,2024-08-08
BH-100363,A. Shah,7038524132,aartishah363@yahoo.com,bronze,439,06/09/1987,2025-05-18
BH-100364,Kavya V.,7432695362,kavyaverma364@yahoo.com,bronze,986,20/01/1964,2025-04-08
BH-100365,Amit Yadav,8524483971,amit.yadav365@rediffmail.com,silver,19,28/03/1992,2025-07-27
BH-100366,Anil Kapoor,9832139217,anilkapoor366@hotmail.com,gold,206,04/10/1967,2025-04-11
BH-100368,Yash Malhotra,9200803577,yashmalhotra368@rediffmail.com,bronze,1996,13/03/1964,2025-05-15
BH-100369,T. Roy,8927699922,tarnuroy369@yahoo.com,platinum,430,23/11/1974,2026-02-01
BH-100370,Ishita Naidu,8418352686,ishitanaidu370@hotmail.com,platinum,2890,12/12/1991,2026-03-22
BH-100371,Tanya Chatterjee,8184959923,tanyachatterjee371@yahoo.com,bronze,2777,30/08/1960,2024-09-20
BH-100372,Lakshmi Kumar,7597472507,lakshmi.kumar372@yahoo.com,silver,1793,27/03/2006,2025-04-16
BH-100373,Saurabh Desai,7793403287,saurabh.desai373@hotmail.com,bronze,1,02/08/1983,2025-12-30
BH-100374,Sushma S.,9127829936,sushma.sen374@rediffmail.com,platinum,2565,04/12/1983,2025-03-02
BH-100376,Rohan Verma,9826779855,rohanverma376@outlook.com,bronze,4,29/05/2002,2025-08-24
BH-100377,Nikhil Joshi,7324724942,nikhil.joshi377@yahoo.com,bronze,1752,28/12/2002,2024-12-22
BH-100379,Karthik Chatterjee,9530012272,karthikchatterjee379@yahoo.com,gold,41,28/09/1979,2024-12-31
BH-100381,Trisha Singh,8862254631,trisha_singh381@gmail.com,bronze,429,25/12/1978,2025-01-22
BH-100382,rashmi malhotra,8883446595,rashmi_malhotar382@outlook.com,bronze,866,26/10/1975,2025-09-10
BH-100384,Aliya Singh,9716043181,ailyasingh384@hotmail.com,platinum,815,10/09/1995,2025-09-04
BH-100387,Aishwarya Krishnan,9224202765,aishwaryakrishnan387@yahoo.com,bronze,212,08/08/1976,2025-05-24
BH-100388,Akash Agarwal,7444479245,akash_agarwal388@hotmail.com,silver,17,28/06/1999,2024-06-23
BH-100389,abhishek das,7222366237,abhishekdas389@hotmail.com,gold,524,17/07/1990,2026-04-13
BH-100395,Zara Kapoor,7384890673,zara.kapoor395@gmail.com,bronze,1173,25/11/1963,2025-07-29
BH-100398,Mohan Trivedi,7101539137,mohantrivedi398@rediffmail.com,bronze,1516,29/12/1995,2026-02-04
BH-100399,P. Hussain,7644020909,prakash_hussain399@hotmail.com,bronze,957,22/01/1996,2024-12-01
BH-100400,Jaya Agarwal,9858262378,jayaagarwal400@rediffmail.com,silver,326,01/11/1997,2025-05-23
BH-100401,Gaurav Sen,8248799059,gauravsen401@yahoo.com,bronze,1166,05/01/2005,2025-10-08
BH-100403,Mohan Hussain,8012529383,mohanhussain403@hotmail.com,bronze,2822,26/03/1981,2025-03-04
BH-100405,Latha M.,9990584998,latha_menon405@hotmail.com,gold,3402,02/11/1967,2025-07-05
BH-100406,Vinay Agarwal,8488338285,vinay_agarwal406@hotmail.com,bronze,1147,26/07/1976,2025-12-10
BH-100407,Komal Bose,9381163973,komal.bose407@rediffmail.com,bronze,14,28/08/1993,2024-11-17
BH-100408,P. Das,9725621089,priyadas408@rediffmail.com,bronze,3248,03/01/2001,2025-03-08
BH-100410,Amit N.,8811357064,amit.naidu410@outlook.com,silver,3627,15/10/1985,2025-10-05
BH-100411,Divya Tiwari,7814223295,divyatiwari411@gmail.com,gold,156,15/08/2006,2026-04-08
BH-100412,Pratiksha Gupta,8577808053,pratiksha_gupta412@gmail.com,silver,1187,08/09/1992,2024-11-15
BH-100413,Rakesh Mishra,7388112301,rakesh.mishra413@yahoo.com,gold,3409,14/06/1964,2026-01-03
BH-100414,Jaya Agarwal,7042814596,jayaagarwal414@gmail.com,bronze,3466,21/06/1963,2024-11-15
BH-100415,Abhishek Mehta,7762098725,abhishekmehta415@rediffmail.com,bronze,1266,29/10/1981,2025-11-29
BH-100416,Sushma R.,7404202102,sushma_rao416@yahoo.com,bronze,422,19/02/2002,2025-04-29
BH-100417,Anil K.,7703160403,anil_khan417@gmail.com,silver,1089,09/05/1969,2024-09-13
BH-100419,Madhuri Choudhary,7196452397,madhuri_choudhar4y19@yahoo.com,bronze,125,19/03/2002,2025-12-28
BH-100420,Vikram Mehta,8260405350,vikram_mehta420@rediffmail.com,silver,3073,22/02/1966,2025-12-18
BH-100421,Trisha Nair,8502079721,trisha_nair421@yahoo.com,bronze,107,15/07/1996,2026-01-12
BH-100424,Deepak Malhotra,7345514384,deepak_malhotra424@hotmail.com,gold,1998,10/11/2000,2026-03-14
BH-100425,Nitin Saxena,7371690627,nitin_saxnea425@yahoo.com,bronze,911,29/03/2006,2024-09-11
BH-100426,Kunal Joshi,8122694555,kunal.joshi426@rediffmail.com,gold,846,26/04/2000,2024-08-23
BH-100427,Rohan Shah,8351167805,rohan.shah427@outlook.com,bronze,264,10/12/2006,2024-08-06
BH-100430,Aarti Pandey,8528029945,aarti.pandey430@rediffmail.com,gold,3283,27/01/2000,2025-03-29
BH-100431,Aarti Mukherjee,7898921171,aartimukherjee431@yahoo.com,gold,269,22/06/1973,2025-01-17
BH-100432,Varun Singh,8162598757,varun.singh432@gmail.com,silver,1462,28/09/1995,2025-06-25
BH-100434,yash kumar,9686578195,yash.kumar434@rediffmail.com,gold,401,04/03/2008,2025-03-02
BH-100436,deepak malhotra,9722488754,deepakmalhotra436@yahoo.com,gold,41,07/12/1996,2025-11-16
BH-100437,Rahul Pillai,9864530584,rahul_pillai437@hotmail.com,gold,1294,09/04/2008,2024-12-24
BH-100438,K. Krishnan,9722647953,kavyakrishnan438@gmail.com,bronze,732,16/04/1976,2025-07-11
BH-100439,Aishwarya Trivedi,9218705527,aishwaryatrievdi439@hotmail.com,bronze,2254,22/04/1966,2024-09-29
BH-100441,Nisha Patel,9676386614,nisha.patel441@outlook.com,gold,1102,26/09/1988,2025-02-28
BH-100443,Komal Roy,8742689489,komal_roy443@rediffmail.com,bronze,63,12/11/2002,2025-06-26
BH-100444,Sandeep Tiwari,9283368026,sandeeptiwari444@yahoo.com,silver,751,09/05/1995,2026-03-08
BH-100445,Sandeep Joshi,7566367282,sandeepjoshi445@yahoo.com,platinum,439,01/08/1964,2025-05-03
BH-100447,Ayesha Mehta,7915364394,ayesha_mehta447@rediffmail.com,bronze,2435,14/01/1970,2026-04-10
BH-100448,Prakash S.,7549679563,prakash.subramanian448@outlook.com,silver,2755,17/10/1986,2024-10-09
BH-100449,meera choudhary,8692031863,meerachoudhary449@gmail.com,bronze,2105,16/09/1965,2025-12-17
BH-100450,yash khanna,7771116412,yash.khanna450@hotmail.com,bronze,2285,14/07/1992,2025-05-01
BH-100451,V. Desai,8125064183,vikram_desai451@gmail.com,gold,293,19/10/1999,2024-12-11
BH-100453,Vikram Pillai,8579933486,vikram.pillai453@hotmail.com,gold,306,03/01/1961,2026-01-21
BH-100454,Meera Subramanian,7129228842,meerasubramanian454@gmail.com,gold,303,08/08/2000,2024-10-30
BH-100456,Vikram Krishnan,7644602127,vikram.krishnan456@outlook.com,bronze,575,08/04/1977,2024-07-07
BH-100457,sanjay singh,8900912253,sanjaysingh457@outlook.com,bronze,60,12/12/1990,2024-10-29
BH-100458,Priya Kapoor,9466066084,priya.kapoor458@outlook.com,bronze,2323,12/03/2001,2025-02-09
BH-100459,Kunal Mehta,8847420743,kunal_mehta459@rediffmail.com,gold,944,25/03/1974,2025-05-31
BH-100460,Suresh S.,8280642118,sureshsheikh460@yahoo.com,gold,999,02/11/1977,2025-04-25
BH-100461,Naveen Ali,7880850067,naveen.ali461@rediffmail.com,silver,464,13/01/2003,2024-09-05
BH-100462,I. Tiwari,8610358974,ishita_tiwari462@hotmail.com,bronze,2068,26/05/1997,2026-03-16
BH-100463,Omar Rao,7607234602,omar_rao463@gmail.com,silver,3004,18/02/1980,2024-08-17
BH-100465,Sandeep Das,8450134822,sandeepdas465@yahoo.com,silver,1037,13/03/1963,2025-08-03
BH-100466,Rakesh Shah,8594942485,rakeshshah466@yahoo.com,gold,556,08/09/1985,2025-11-26
BH-100467,Zara Reddy,8572432545,zara.reddy467@hotmail.com,silver,765,23/09/1963,2026-01-11
BH-100468,aliya singh,9189361219,aliya.singh468@hotmail.com,silver,2134,23/06/1985,2026-03-02
BH-100469,Sneha Singh,7584239423,snehasingh469@outlook.com,silver,1648,18/09/1981,2025-06-28
BH-100470,Sneha Sen,8444342745,snehasen470@yahoo.com,bronze,206,20/11/2006,2026-04-11
BH-100473,Hemant Kumar,7355336108,hemantkumar473@yahoo.com,silver,1339,30/10/1963,2025-03-28
BH-100474,Karthik Iyer,9135571399,karthik.iyer474@yahoo.com,bronze,804,22/08/1977,2026-03-23
BH-100475,Prakash Mehta,9641360254,prakash.mehta475@outlook.com,bronze,691,12/11/1994,2025-07-23
BH-100476,Geeta Mehta,7589287183,geeta.mehta476@rediffmail.com,platinum,2730,14/11/1977,2025-10-22
BH-100479,Prakash Banerjee,9684270095,prakashbanerjee479@hotmail.com,bronze,3331,07/05/2000,2024-11-30
BH-100481,Manish Malhotra,7392013379,manish_malhotra481@hotmail.com,silver,895,23/11/1969,2024-08-21
BH-100482,Sneha Malhotra,7047679679,sneha.malhotra482@hotmail.com,silver,165,04/11/2007,2024-11-14
BH-100484,Vinay Krishnan,7244411586,vinay_krishnan484@yahoo.com,bronze,3447,07/09/1962,2025-04-02
BH-100486,A. Ali,8256280831,aishwarya_ali486@rediffmail.com,bronze,549,02/05/1991,2024-10-22
BH-100487,Rajesh S.,7912468534,rajesh.singh487@outlook.com,bronze,242,08/02/1994,2024-12-01
BH-100489,neha subramanian,9171987073,neha_subramanian489@outlook.com,platinum,265,04/08/1989,2026-01-23
BH-100490,Amit Ahmed,9403710728,amitahmed490@rediffmail.com,gold,2391,01/10/1995,2025-12-14
BH-100491,Ayesha Roy,7831625299,ayesharoy491@yahoo.com,silver,2102,08/08/1979,2026-04-01
BH-100493,Saurabh Chatterjee,9943967488,saurabh.chatterjee493@rediffmail.com,silver,2954,23/12/1982,2024-08-23
BH-100494,Meera Menon,8738659486,meeramenon494@hotmail.com,platinum,91,10/09/1989,2025-05-10
BH-100495,Kavya Shah,9726055181,kavya.shah495@outlook.com,bronze,1047,07/10/1995,2024-06-29
BH-100496,Tara Nair,9739146953,tara.nair496@hotmail.com,silver,244,21/09/1967,2025-07-18
BH-100498,Meera N.,7117322828,meeranair498@outlook.com,bronze,3396,24/03/1970,2024-10-22
BH-100499,Akash Mukherjee,9681668327,akashmukherjee499@hotmail.com,gold,1589,28/02/2000,2025-02-25
BH-100500,Aliya Mishra,8183848372,aliyamishra500@gmail.com,bronze,2980,27/07/1995,2025-10-13
BH-100502,Arjun Kapoor,8750230192,arjun_kapoor502@hotmail.com,silver,688,08/11/2003,2025-03-23
BH-100503,Manish M.,8462317809,manishmukherjee503@rediffmail.com,bronze,452,25/02/1969,2025-05-16
BH-100505,Abhishek Trivedi,8955795583,abhishektrivedi505@outlook.com,bronze,746,08/07/1960,2026-04-07
BH-100506,Smita Tiwari,8343421061,smita_tiwari506@yahoo.com,bronze,55,16/05/1983,2024-08-12
BH-100510,Akash Mishra,9557474407,akash.mishra510@outlook.com,bronze,2477,01/02/1970,2025-10-06
BH-100511,Sanjay Kumar,8554116558,sanjay_kumar511@rediffmail.com,gold,164,10/01/1967,2026-03-28
BH-100513,V. Sharma,7801978186,varunsharma513@hotmail.com,bronze,1714,14/11/1980,2025-04-26
BH-100514,Smita Iyer,7361476415,smita.iyer514@gmail.com,gold,1694,20/04/1983,2025-01-23
BH-100515,Aditya Mukherjee,9515240751,adityam.ukherjee515@outlook.com,silver,1,01/10/1988,2025-02-18
BH-100516,Swati Iyer,9386442515,swati.iyer516@outlook.com,silver,1301,03/12/1995,2026-02-05
BH-100518,Trisha Menon,8366176468,trisha.menon518@outlook.com,bronze,1635,23/04/1986,2025-09-30
BH-100519,harish tiwari,8787217678,harish_tiwari519@outlook.com,bronze,1030,25/11/1976,2024-08-16
BH-100520,Lakshmi S.,7500070218,lakshmisen520@rediffmail.com,bronze,725,16/06/2003,2024-11-23
BH-100522,Neha Bansal,7256152676,neh.abansal522@rediffmail.com,bronze,647,17/01/2002,2026-03-09
BH-100523,Pallavi Choudhary,9611013599,pallavi.choudhary523@rediffmail.com,silver,278,09/09/1989,2024-09-28
BH-100524,Aditya Trivedi,8839342764,adityatrivedi524@rediffmail.com,silver,403,15/05/1973,2025-08-24
BH-100527,Sanjay Sen,9342019457,sanjaysen527@gmail.com,bronze,750,05/03/1970,2025-03-02
BH-100529,Sapna Das,8146560432,sapna.das529@gmail.com,silver,267,14/10/1970,2025-11-06
BH-100531,Rohan Kumar,8129975481,rohan_kumar531@rediffmail.com,bronze,685,06/02/1977,2025-02-22
BH-100532,M. Pandey,8252805031,meghapandey532@hotmail.com,bronze,2657,25/04/2003,2025-12-24
BH-100533,Sneha Iyer,8355231917,sneha.iyer533@yahoo.com,silver,1934,23/10/1969,2024-07-11
BH-100534,Anil Reddy,8886067582,anil_reddy534@hotmail.com,silver,1521,11/11/1975,2024-06-27
BH-100535,S. Trivedi,8069582703,smitatrivedi535@gmail.com,gold,1260,10/09/1976,2025-01-11
BH-100536,Neha S.,7474693046,neha.shah536@outlook.com,bronze,374,01/12/1999,2024-08-23
BH-100538,L. Pandey,9742099010,latha_pandey538@hotmail.com,bronze,254,23/07/1998,2024-07-15
BH-100539,L. Agarwal,8646412566,latha.agarwal539@hotmail.com,gold,3338,24/09/1981,2025-10-31
BH-100540,Priya B.,7483801907,priya_bose540@outlook.com,bronze,358,11/10/1962,2025-06-20
BH-100541,Tanya Mishra,7557760715,tanyamishra541@yahoo.com,silver,51,02/02/1963,2024-06-23
BH-100542,Naveen Sen,8021925823,naveen_sen542@hotmail.com,silver,2382,22/11/1979,2024-08-17
BH-100544,Sonia Saxena,9002769895,sonia_saxena544@hotmail.com,gold,4693,26/12/2005,2025-08-29
BH-100546,karthik sen,7319811623,karthik.sen546@yahoo.com,gold,549,07/10/1977,2026-01-28
BH-100547,aliya yadav,8073580043,aliya_yadav547@yahoo.com,bronze,2802,23/07/1974,2026-05-07
BH-100548,Ashok Chatterjee,8763773653,ashok.chatterjee548@yahoo.com,silver,299,01/05/2003,2026-05-05
BH-100549,Akash Bhat,9139968776,akash_bhat549@gmail.com,silver,2402,16/09/1977,2026-01-13
BH-100550,mahesh ali,9111882537,maheshali550@hotmail.com,bronze,2262,09/04/1968,2025-08-10
BH-100551,Pallavi Chatterjee,7468850019,pallavi_chatterjee551@hotmail.com,bronze,1720,10/08/1975,2024-06-23
BH-100554,harish pillai,7763352511,harishpillai554@yahoo.com,gold,3274,21/11/1967,2024-11-21
BH-100555,Aishwarya Verma,7761294300,aishwaryaverma555@outlook.com,silver,1590,01/08/1987,2025-05-02
BH-100556,Aliya Kumar,7965703101,aliyakumar556@gmail.com,bronze,2,06/11/1960,2025-04-14
BH-100558,Ayesha Agarwal,9052677052,ayeshaagarwal558@outlook.com,bronze,100,27/08/2004,2026-04-05
BH-100560,Aarti Menon,7909162767,aarti_menon506@rediffmail.com,silver,1231,25/06/1979,2025-12-24
BH-100562,Priya Banerjee,9815382156,priyabanerjee562@rediffmail.com,bronze,742,06/10/2001,2025-09-16
BH-100563,Rohit Qureshi,9030968559,rohit.qureshi563@gmail.com,bronze,1553,21/09/1982,2024-09-07
BH-100564,zara khan,7723688416,zara.khan564@outlook.com,bronze,417,20/05/1992,2024-09-11
BH-100566,Aarti Khan,8584465455,aarti.khan566@hotmail.com,bronze,2192,05/08/1987,2025-07-12
BH-100567,rahul subramanian,7047229026,rahul_subramanian567@rediffmail.com,bronze,186,27/02/1977,2025-03-07
BH-100575,Tara Khanna,9390057204,tarakhanna575@hotmail.com,bronze,1816,24/03/1989,2025-10-22
BH-100576,Nikhil Yadav,7904255406,nikhil.yadav576@gmail.com,bronze,535,06/11/1964,2025-06-18
BH-100577,Akash Joshi,9880015829,akash.joshi577@outlook.com,bronze,2923,31/07/1982,2026-03-21
BH-100583,Megha Saxena,7949799493,meghasaxena583@rediffmail.com,silver,144,16/09/1962,2024-07-18
BH-100585,vinay hussain,8388752162,vinayhussain585@gmail.com,bronze,52,12/03/1972,2026-04-15
BH-100586,Sneha K.,8552552880,sneha.khanna586@gmail.com,bronze,21,01/06/2004,2024-10-09
BH-100587,Saurabh Hussain,8679174516,saurabhhussain587@hotmail.com,bronze,2729,29/01/1961,2025-05-13
BH-100589,Tanya J.,8583151197,tanyajoshi589@gmail.com,silver,26,31/01/1963,2024-10-14
BH-100590,Zara Khan,8407681919,zarakhan590@yahoo.com,bronze,263,13/08/2000,2025-09-20
BH-100592,Tara Iyer,8057256958,tarai.yer592@outlook.com,bronze,36,15/02/1993,2025-08-29
BH-100593,A. Mukherjee,9350157861,amit.mukherjee593@rediffmail.com,bronze,2056,28/07/1976,2025-10-27
BH-100594,Sushma Mukherjee,8320085319,sushmamukherjee594@hotmail.com,bronze,456,27/04/1977,2024-08-21
BH-100595,R. Trivedi,8218397932,rohantrivedi595@outlook.com,bronze,2231,18/06/1982,2024-08-05
BH-100596,Omar Rao,8239453958,omar_rao596@gmail.com,bronze,295,18/08/2001,2025-01-15
BH-100598,Riya Sharma,7093658085,riya.sharma598@outlook.com,bronze,1300,27/12/1986,2026-03-23
BH-100599,Sneha D.,9354683984,snehadesai599@hotmail.com,platinum,154,08/06/1987,2025-11-19
BH-100600,Bhavana Patel,9070180692,bhavanapatel600@rediffmail.com,gold,2581,08/06/1976,2025-04-26
BH-100602,Pooja Yadav,7697634128,pooja_yadav602@rediffmail.com,platinum,1080,01/01/2001,2026-04-08
BH-100603,Bhavana Bose,7508773911,bhavana_bose603@rediffmail.com,silver,77,28/08/1978,2025-06-13
BH-100604,manish joshi,8023502138,manish_joshi604@hotmail.com,bronze,219,14/06/1973,2024-09-06
BH-100605,N. Verma,8039369267,nisha_verma605@gmail.com,silver,1722,26/10/1980,2025-04-07
BH-100606,Pallavi R.,7291598166,pallavi_roy606@rediffmail.com,bronze,11,06/06/1962,2024-12-05
BH-100607,Pratiksha Banerjee,8106857568,pratiksha.banerjee607@rediffmail.com,bronze,2710,13/01/1978,2025-07-13
BH-100609,yash verma,8931320554,yash_verma609@gmail.com,gold,3761,04/10/1970,2024-08-29
BH-100612,Sapna Kapoor,8002520646,sapan.kapoor612@hotmail.com,silver,309,23/11/1978,2025-04-15
BH-100613,Aliya Naidu,7660478003,aliya_naidu613@yahoo.com,silver,280,18/01/1992,2024-11-10
BH-100614,Divya C.,8276483826,divya_choudhary614@hotmail.com,silver,1969,13/10/1970,2026-03-08
BH-100615,Latha Joshi,9638229903,lathajoshi615@outlook.com,bronze,1235,15/06/1998,2024-10-05
BH-100616,Amit Gupta,9771746521,amit_gupta616@outlook.com,bronze,480,27/12/1962,2024-08-01
BH-100618,Jaya Malhotra,9550081394,jaya_malhotra618@hotmail.com,bronze,1354,30/10/1960,2025-10-23
BH-100619,Priya Subramanian,9682884315,priyasubramanian619@rediffmail.com,bronze,254,15/10/1980,2026-04-20
BH-100620,Sandeep Choudhary,8049443643,sandeep.choudhary620@outlook.com,bronze,241,13/07/1970,2025-11-27
BH-100621,Pallavi Agarwal,8858752735,pallavi.agarwal621@rediffmail.com,bronze,2354,06/07/1975,2026-03-16
BH-100622,Imran N.,8614843775,imrannair622@rediffmail.com,silver,139,21/06/1961,2024-07-29
BH-100623,Sandeep N.,7921127784,sandeep_nair623@outlook.com,bronze,269,04/11/2006,2025-02-08
BH-100625,A. Naidu,7202436754,ashoknaidu625@hotmail.com,silver,463,01/10/1977,2025-09-17
BH-100626,S. Desai,8852031987,siddharth.desai626@rediffmail.com,bronze,2491,09/05/1987,2025-01-24
BH-100628,Sushma Qureshi,9783281669,sushmaqureshi628@gmail.com,gold,787,30/11/1981,2025-07-25
BH-100629,Tara Kumar,9210568562,tara_kumar629@outlook.com,gold,2,26/05/1967,2024-10-09
BH-100633,Ananya Mehta,7286762188,ananya_mehta633@hotmail.com,silver,358,29/07/1999,2026-05-02
BH-100634,Aarti Choudhary,7003852514,aarti.choudhar6y34@hotmail.com,bronze,197,18/07/1968,2026-05-05
BH-100635,Shreya Joshi,9418200599,shreya_joshi635@gmail.com,bronze,181,21/06/1984,2024-08-04
BH-100636,Sapna Mukherjee,7542324005,sapna_mukherjee636@gmail.com,gold,185,30/09/1978,2026-03-31
BH-100637,Amit Bose,9988002382,amit.bose637@hotmail.com,gold,2841,11/01/1971,2025-05-08
BH-100640,Vinay Agarwal,7980778459,vinay.agarwal640@yahoo.com,bronze,486,18/10/1984,2025-01-11
BH-100641,Hemant B.,7981941725,hemant_bose641@hotmail.com,silver,489,01/09/1965,2025-06-11
BH-100643,Ananya Pillai,7857904124,ananyapillai643@yahoo.com,bronze,163,06/07/1972,2025-02-28
BH-100645,M. Verma,7036133997,madhuriverma645@hotmail.com,silver,2270,28/11/1965,2026-02-16
BH-100650,Hemant Ahmed,9393920846,hemant_ahmed650@hotmail.com,gold,456,05/08/1977,2024-09-05
BH-100652,Trisha Sharma,9745298953,trishasharma652@outlook.com,bronze,655,07/03/2004,2025-09-28
BH-100653,Jaya Trivedi,7039293225,jaya.trivedi653@hotmail.com,platinum,3769,24/07/1991,2026-02-21
BH-100654,Nisha Krishnan,9727580980,nisha_krishnan564@yahoo.com,bronze,524,10/06/1962,2024-11-13
BH-100655,Sonia C.,9617506989,soniachatterjee655@hotmail.com,bronze,519,02/09/1981,2025-03-26
BH-100656,Rohan Pandey,7863796933,rohanpandey656@gmail.com,silver,3179,13/08/1965,2025-06-05
BH-100657,Sanjay B.,8178838138,sanjay.bhat657@outlook.com,gold,2245,01/03/1975,2025-12-03
BH-100659,Latha Sen,9470414538,lathasen659@hotmail.com,bronze,927,06/08/1974,2025-03-29
BH-100660,Manish Malhotra,9559868959,manish.malhotra660@outlook.com,bronze,2482,12/10/1988,2025-02-27
BH-100661,Gaurav Desai,7211775523,gauravdesai661@rediffmail.com,platinum,450,13/11/1970,2024-10-30
BH-100662,rahul roy,7990644455,rahul_roy662@rediffmail.com,bronze,2548,18/02/2004,2024-09-06
BH-100663,Kunal Bose,7750658433,kunal.bose663@rediffmail.com,bronze,1979,18/02/1999,2025-08-04
BH-100664,kunal hussain,7523599212,kunal_hussain664@outlook.com,bronze,225,04/04/1965,2026-01-21
BH-100665,Harish Pillai,9474664297,harishpillai665@outlook.com,silver,1772,02/06/1974,2025-04-14
BH-100666,Ayesha Sharma,7738989732,ayesha.sharma666@hotmail.com,bronze,1835,22/08/1978,2024-08-05
BH-100667,tarun mukherjee,7103919667,tarunmukherjee667@hotmail.com,bronze,36,02/04/1976,2024-10-05
BH-100669,Ashok Khan,8285849087,ashokkhan669@outlook.com,silver,1912,30/07/1971,2025-11-20
BH-100671,Yash Joshi,7684966861,yash.joshi671@outlook.com,bronze,4304,07/06/2005,2025-10-10
BH-100672,Meera Shah,7610570936,meera.shah672@hotmail.com,bronze,704,25/08/2002,2024-08-25
BH-100673,Imran Yadav,9608341341,imranyadav673@hotmail.com,bronze,846,06/12/1987,2024-08-20
BH-100674,Hemant Reddy,8465480555,hemantreddy674@gmail.com,bronze,196,28/10/1964,2026-03-12
BH-100675,meera choudhary,7193995658,meera_choudhary675@yahoo.com,bronze,561,02/01/1964,2025-01-10
BH-100678,Tanya Qureshi,7990653726,tanya_qureshi678@rediffmail.com,silver,1199,24/06/1974,2025-08-10
BH-100679,Kavya Khan,7208011784,kavya_khan679@hotmail.com,bronze,553,02/03/1995,2025-04-23
BH-100681,R. Krishnan,8384113379,rohankrishnan681@rediffmail.com,platinum,229,19/05/1981,2024-12-24
BH-100682,Sapna K.,9143235489,sapna_krishnan682@rediffmail.com,bronze,158,19/03/2008,2025-02-16
BH-100684,trisha banerjee,9705120293,trisha.banerjee684@rediffmail.com,silver,883,08/10/2001,2025-09-09
BH-100686,pratiksha mehta,8472676245,pratiksha.mehta686@yahoo.com,silver,621,23/02/1978,2025-07-29
BH-100687,Rajesh Pandey,8154001528,rajeshpandey687@outlook.com,bronze,2287,04/10/1988,2024-12-22
BH-100688,Pranav Pillai,9074424156,pranavpillai688@rediffmail.com,bronze,674,20/08/1986,2025-01-11
BH-100690,Mahesh Reddy,8689842661,mahesh.reddy690@gmail.com,gold,3461,28/12/1975,2025-12-13
BH-100692,Rashmi M.,8651229320,rashmi_mukherjee692@yahoo.com,platinum,261,20/03/1983,2024-06-25
BH-100693,Sneha Sheikh,7569149998,sneha_sheikh693@gmail.com,bronze,75,02/01/1990,2024-08-04
BH-100694,Tanya A.,7555851088,tanya_ali964@outlook.com,bronze,2771,29/07/1992,2025-08-12
BH-100695,Anjali Malhotra,7797835130,anjali.malhotra695@gmail.com,bronze,1922,06/02/1984,2024-11-27
BH-100697,Shreya Iyer,8502968891,shreyaiyer697@gmail.com,bronze,194,13/05/2004,2026-02-13
BH-100698,Sanjay P.,8223029365,sanjaypillai698@outlook.com,bronze,619,20/07/2002,2025-04-24
BH-100700,Pranav Tiwari,8096020548,pranavtiwari700@hotmail.com,bronze,1422,30/06/1967,2025-03-24
BH-100701,Pooja Yadav,9320038657,pooja.yadav701@hotmail.com,bronze,1414,20/10/1990,2024-10-15
BH-100702,Sushma Rao,8822195970,sushma.rao702@gmail.com,silver,1703,29/04/1993,2024-12-01
BH-100704,Divya Kapoor,9302984809,divyakapoor704@rediffmail.com,gold,14,11/01/1974,2024-08-03
BH-100705,S. Ahmed,7593651849,sapna.ahmed705@rediffmail.com,gold,639,19/01/1982,2025-11-03
BH-100707,Ayesha Yadav,9991861140,ayesha_yadav707@gmail.com,bronze,3223,09/06/1990,2025-12-20
BH-100710,Priya Subramanian,9482770200,priya.subramanian710@gmail.com,bronze,281,07/05/1997,2025-04-05
BH-100711,Pooja Ahmed,9424895265,pooja_ahmed711@yahoo.com,bronze,661,24/05/1999,2025-07-19
BH-100716,A. Reddy,8996438468,ayseha_reddy716@yahoo.com,silver,275,02/08/1982,2026-01-17
BH-100717,Harish Reddy,7587525174,harish.reddy717@gmail.com,bronze,1082,19/04/1970,2025-03-15
BH-100719,Faisal Sheikh,9478751828,faisal.sheikh719@rediffmail.com,bronze,243,21/11/1991,2025-08-03
BH-100720,Ananya Verma,8594780697,ananya.verma720@hotmail.com,bronze,392,14/11/1986,2026-02-22
BH-100722,Megha Singh,7119661079,megha_singh722@yahoo.com,bronze,3720,18/09/1963,2025-12-19
BH-100723,N. Shah,8031702601,nishashah723@outlook.com,bronze,280,31/08/1974,2025-10-25
BH-100725,Kiran Khan,8724616606,kiran_khan725@rediffmail.com,silver,53,04/06/2001,2025-10-21
BH-100726,Gaurav Singh,8775936460,gauravsingh726@gmail.com,bronze,1166,31/03/1999,2024-06-20
BH-100728,Sushma Saxena,8121061393,sushmasaxena728@outlook.com,bronze,1369,15/10/1991,2024-07-31
BH-100729,Latha A.,9032641039,lathaagarwal729@gmail.com,silver,648,17/02/1974,2024-10-20
BH-100730,Ishita Roy,7243732293,ishita.roy730@outlook.com,gold,95,16/10/1985,2025-09-14
BH-100732,Sushma Subramanian,9309345471,sushma_subramanian732@yahoo.com,bronze,2144,17/08/1973,2025-11-16
BH-100733,Meera Agarwal,8870406607,meera_agarwal733@outlook.com,bronze,628,29/08/1988,2026-01-20
BH-100735,Komal N.,9538442198,komalnair735@outlook.com,gold,3760,29/03/1972,2024-07-20
BH-100736,Megha I.,8923438529,meghaiyer736@yahoo.com,bronze,1671,11/05/1992,2026-04-14
BH-100740,Arjun Gupta,7127481092,arjun_gupta740@yahoo.com,bronze,206,19/03/2008,2024-12-26
BH-100741,Ritu Singh,9296009567,ritu_singh741@rediffmail.com,silver,851,23/06/1997,2025-11-23
BH-100743,Aishwarya Kapoor,7276292592,aishwarya.kapoor743@yahoo.com,bronze,2270,16/07/1969,2025-02-01
BH-100744,S. Trivedi,9309988684,sapna_trivedi744@rediffmail.com,bronze,571,04/06/1995,2025-06-05
BH-100745,Pallavi B.,7197922268,pallavi.bose745@yahoo.com,bronze,894,01/04/1989,2024-12-30
BH-100747,pranav mishra,8909380516,pranav_mishra747@gmail.com,silver,118,17/01/1994,2025-03-05
BH-100749,Neha Khanna,8033521381,neha.khanna749@rediffmail.com,bronze,11,27/05/1967,2025-02-04
BH-100751,bhavana ahmed,9347743733,bhavana_ahmed751@yahoo.com,bronze,1854,12/02/1997,2024-11-02
BH-100754,Mahesh Trivedi,9660931597,maheshtrivedi754@outlook.com,bronze,627,19/06/2002,2025-04-14
BH-100755,Ritu Agarwal,8224258838,ritu.agarwal755@yahoo.com,silver,4313,19/04/1993,2024-07-13
BH-100757,Ananya Das,9518859119,ananya.das757@hotmail.com,bronze,424,13/04/2000,2025-03-30
BH-100758,R. Nair,8756831723,rajesh.nair758@hotmail.com,bronze,2336,12/11/1981,2024-12-07
BH-100759,Tarun Pandey,8316718449,tarunpandey759@yahoo.com,platinum,234,02/10/1968,2025-06-08
BH-100761,Varun Sen,7934525437,varun_sen761@outlook.com,bronze,1041,29/10/1970,2025-04-18
BH-100762,Abhishek Sharma,9343452108,abhishek.sharma762@gmail.com,silver,85,03/04/1979,2024-07-21
BH-100763,Karthik Ali,9790813784,karthik.ali763@outlook.com,bronze,3344,30/05/1999,2024-10-25
BH-100764,Anil Roy,9993091959,anilroy764@outlook.com,bronze,1245,29/08/1964,2025-07-07
BH-100765,Akash N.,7917063492,akashnaidu765@rediffmail.com,silver,1098,04/01/1965,2024-12-07
BH-100766,Ayesha Tiwari,7766484344,ayeshatiwari766@rediffmail.com,bronze,2267,06/12/1978,2025-10-30
BH-100767,Kavya Malhotra,8254168097,kavya_malhotra767@yahoo.com,bronze,1098,08/10/1977,2025-08-07
BH-100769,Yash Bhat,7210629222,yashbhat769@rediffmail.com,gold,4114,09/09/1979,2025-05-19
BH-100772,Sandeep Saxena,7607524325,sandeepsaxena772@yahoo.com,silver,22,15/10/1999,2025-11-04
BH-100773,Pallavi B.,7071096534,pallavibanerjee773@outlook.com,bronze,1024,16/05/1979,2025-02-12
BH-100774,Sushma Kumar,7255561500,sushmakumar774@gmail.com,bronze,1405,03/08/1964,2026-01-29
BH-100775,Aliya Roy,8594287162,aliya_roy775@rediffmail.com,bronze,603,14/03/1997,2025-08-24
BH-100778,Kunal Saxena,7605201001,kunalsaxena778@hotmail.com,silver,1219,28/09/1982,2024-12-16
BH-100779,Shreya Menon,7232040382,shreyamenon779@outlook.com,bronze,805,05/11/1963,2025-12-08
BH-100780,madhuri qureshi,9718730533,madhuri.qureshi780@yahoo.com,bronze,37,30/07/2002,2025-11-21
BH-100781,Nikhil Shah,7796502788,nikhil_shah781@yahoo.com,bronze,1846,26/10/1978,2025-12-06
BH-100783,Kiran Desai,7593543988,kirandesai783@outlook.com,bronze,522,13/03/1973,2026-02-19
BH-100784,Swati Verma,9369590082,swati.verma784@rediffmail.com,silver,961,07/12/1987,2025-02-15
BH-100786,Madhuri Sharma,9421568123,madhurisharma786@gmail.com,gold,2740,11/10/1971,2025-05-28
BH-100788,Tarun M.,7685593749,tarun.mehta788@hotmail.com,gold,1497,02/11/2000,2025-07-15
BH-100789,Varun Kapoor,9807111960,varunkapoor789@rediffmail.com,bronze,382,14/07/1979,2025-12-19
BH-100793,Ayesha H.,7757008310,ayeshahussain793@rediffmail.com,silver,3326,14/07/2005,2025-04-08
BH-100795,Rohan Khanna,9742558922,rohankhanna795@gmail.com,silver,101,14/07/1987,2025-05-31
BH-100796,Trisha Trivedi,8111301329,trishatrivedi796@gmail.com,bronze,2850,23/02/1996,2024-11-11
BH-100797,Rohan Yadav,9466765598,rohan_yadav797@hotmail.com,bronze,1401,25/02/1996,2025-04-19
BH-100798,Kunal Sen,9877203200,kunal_sen798@gmail.com,gold,64,02/11/1963,2026-04-18
BH-100799,Ritu Saxena,8218387765,ritu.saxena799@rediffmail.com,bronze,180,21/11/2000,2026-04-12
BH-100800,Vikram Qureshi,9797605900,vikram_qureshi800@rediffmail.com,silver,468,21/04/1970,2026-02-22
BH-100801,Tara Roy,9239537828,tara_roy801@outlook.com,bronze,1729,07/09/2005,2025-10-25
BH-100802,manish verma,9313716328,manish.verma802@hotmail.com,bronze,696,24/05/1965,2024-10-12
BH-100810,Komal Subramanian,9386568623,komal_subramanian810@yahoo.com,bronze,3896,09/01/1978,2024-08-22
BH-100812,Megha M.,7662949637,megha.malhotra812@gmail.com,bronze,23,12/08/1969,2025-03-02
BH-100814,akash pillai,9273630316,akashipllai814@hotmail.com,bronze,314,21/02/2007,2025-02-15
BH-100815,Jaya Malhotra,8131447465,jaya.malhotra815@hotmail.com,bronze,683,07/06/1973,2025-07-25
BH-100817,vinay sen,8355109214,vinay.sen817@outlook.com,bronze,1710,24/03/1986,2024-11-19
BH-100818,Tarun Pandey,9928726811,tarun.pandey818@rediffmail.com,bronze,418,29/03/1968,2025-02-24
BH-100820,Asha Patel,7992007941,asha_patel820@outlook.com,silver,215,12/12/1972,2026-02-28
BH-100822,Nikhil Ali,7586463859,nikhil.ali822@gmail.com,bronze,146,02/01/1991,2026-01-27
BH-100823,A. Bose,7074553907,anjali.bose823@outlook.com,bronze,180,03/02/1976,2024-08-25
BH-100824,Riya Patel,8349744197,riya_patel824@hotmail.com,silver,64,28/05/1965,2025-01-16
BH-100825,tanya verma,8214173092,tanya.verma825@hotmail.com,platinum,2126,11/07/2002,2025-03-27
BH-100826,J. Iyer,8021790684,jaya.iyer826@yahoo.com,gold,851,19/09/1964,2025-01-16
BH-100827,Pranav Naidu,7691586637,pranavnaidu827@hotmail.com,bronze,655,15/06/1964,2024-08-06
BH-100829,Swati Hussain,9721995178,swati.hussain829@yahoo.com,silver,1683,09/06/1963,2025-03-29
BH-100830,Smita Agarwal,7371270876,smitaagarwal830@rediffmail.com,bronze,3073,13/03/1977,2024-11-15
BH-100831,R. Patel,8894556896,riyapatel831@gmail.com,silver,73,02/04/1986,2024-10-01
BH-100832,Naveen Pillai,8583951587,naveenpillai832@hotmail.com,bronze,864,05/04/1975,2025-01-29
BH-100833,Vikram Banerjee,9355290233,vikram_banerjee833@gmail.com,bronze,206,21/10/1995,2025-05-04
BH-100834,Omar Desai,8502696447,omardesai834@rediffmail.com,bronze,104,06/10/1983,2025-07-10
BH-100837,Varun Mehta,8168547694,varun.mehta837@gmail.com,platinum,2623,28/01/1999,2025-10-21
BH-100838,Rohan Sheikh,8407929112,rohan_sheikh838@hotmail.com,platinum,3170,01/08/1976,2024-12-12
BH-100839,Manish Pillai,7876484540,manishpillai839@outlook.com,silver,491,27/04/1968,2025-08-02
BH-100841,Tarun Das,7362608367,tarundas841@hotmail.com,silver,3,16/02/2005,2024-09-09
BH-100842,Priya Gupta,9080760739,priyagupta842@outlook.com,silver,922,30/12/1980,2024-08-10
BH-100843,Naveen Singh,7738383899,naveen.singh843@outlook.com,bronze,2292,28/11/1975,2025-12-21
BH-100845,Saurabh R.,9570007357,saurabhrao845@hotmail.com,silver,240,11/01/2002,2024-07-02
BH-100846,Pranav Sharma,9481304247,pranavsharma846@yahoo.com,silver,676,26/03/2000,2025-07-15
BH-100849,Kunal Sen,8276137782,kunalsen849@yahoo.com,gold,549,17/08/1963,2026-01-12
BH-100850,Vinay Naidu,8171963938,vinaynaidu850@yahoo.com,bronze,405,19/04/2008,2025-12-22
BH-100851,Vikram Rao,7343094339,vikramrao851@outlook.com,bronze,1268,04/07/1992,2024-11-04
BH-100853,Ananya Pandey,9114984850,ananya.pandey853@rediffmail.com,bronze,6,22/05/1996,2025-05-15
BH-100855,Siddharth Qureshi,9732416762,siddharth_qureshi855@yahoo.com,bronze,161,07/06/1978,2024-09-19
BH-100856,Saurabh Desai,7741069139,saurabh.desai856@yahoo.com,silver,58,14/06/1977,2025-08-03
BH-100858,Akash Saxena,9055456262,akashsaxena858@rediffmail.com,bronze,1902,10/10/2000,2024-07-27
BH-100859,Tara Tiwari,9398173478,taratwiari859@gmail.com,silver,1998,26/04/1973,2024-10-25
BH-100860,Ananya A.,8750884829,ananya.ahmde860@yahoo.com,bronze,4080,24/12/1960,2026-03-07
BH-100861,N. Gupta,7982666424,nitingputa861@outlook.com,silver,381,01/09/1974,2025-07-02
BH-100862,Pranav Khanna,8060198586,pranav_khanna862@hotmail.com,platinum,1736,23/11/1999,2026-03-05
BH-100864,Nitin Sen,9989473394,nitin.sen864@gmail.com,bronze,1283,29/08/2007,2025-07-22
BH-100866,Smita Saxena,7164429261,smita.saxena866@gmail.com,bronze,2663,06/06/1966,2026-03-09
BH-100868,Anil Das,8066364534,anil_das868@yahoo.com,silver,323,20/02/1971,2026-03-17
BH-100869,Manish Pillai,7420373664,manishpillai869@gmail.com,silver,416,23/09/1968,2026-03-06
BH-100872,I. Bose,9741250452,ishita_bose872@hotmail.com,bronze,152,03/11/1972,2025-11-05
BH-100876,Sandeep Sharma,9493427801,sandeep.sharam876@outlook.com,bronze,80,07/12/1983,2025-10-11
BH-100877,Harish S.,9150636507,harish.singh877@rediffmail.com,bronze,714,13/05/1968,2025-04-05
BH-100878,Kunal Bansal,7121891845,kunal_bansal878@rediffmail.com,bronze,1647,12/03/1977,2025-02-05
BH-100879,R. Desai,9382494990,rekhadesai879@gmail.com,bronze,954,09/12/1985,2024-10-31
BH-100880,B. Sen,7920970782,bhavana.sen880@outlook.com,bronze,568,26/09/1970,2024-09-24
BH-100882,Trisha Malhotra,9538176029,trishamalhotra882@yahoo.com,bronze,494,02/07/1989,2024-06-27
BH-100883,Megha Yadav,7983335882,megha.yadav883@yahoo.com,bronze,1218,14/02/1991,2025-11-06
BH-100884,Harish Saxena,7529824327,harish.saxena884@gmail.com,bronze,799,22/09/1968,2025-06-05
BH-100885,Sanjay Chatterjee,7888951788,sanjay.chatterjee885@outlook.com,silver,533,16/06/1984,2025-07-01
BH-100886,Anil Mukherjee,9263536872,anil.mukherjee886@hotmail.com,silver,3405,17/03/1966,2025-03-29
BH-100888,Aarti Shah,8158967125,aarti.shah888@rediffmail.com,silver,72,04/03/1979,2025-08-19
BH-100889,Tara Gupta,7846835275,tara.gupta889@outlook.com,bronze,2510,07/12/1987,2024-09-17
BH-100891,Madhuri Bansal,8652168048,maduhribansal891@rediffmail.com,bronze,168,20/12/1962,2025-01-31
BH-100893,Rajesh Qureshi,7537835736,rajeshqureshi893@outlook.com,gold,564,08/08/1983,2026-05-01
BH-100894,Neha Joshi,9079670361,neha_joshi894@outlook.com,bronze,2985,08/12/1966,2025-11-15
BH-100895,Ishita Khan,7512139829,ishtia.khan895@hotmail.com,bronze,765,03/08/1995,2025-09-13
BH-100897,Deepak Das,8684238877,deepak_ads897@yahoo.com,platinum,339,04/05/1973,2024-08-07
BH-100898,Harish Bansal,7646075655,harishbansal898@outlook.com,gold,2987,08/02/2008,2026-04-15
BH-100900,Ashok Sheikh,8719690902,ashok.sheikh900@gmail.com,bronze,585,07/08/1993,2024-12-21
BH-100901,Sonia Sharma,9497128366,sonia_sharma901@rediffmail.com,platinum,1899,11/02/2008,2025-07-06
BH-100903,Ayesha Ali,9814216660,ayeshaali903@outlook.com,bronze,633,21/07/2003,2025-10-29
BH-100904,Kavya Nair,7199199051,kavya.nair904@gmail.com,silver,523,11/03/1963,2024-06-24
BH-100905,Ritu Mishra,8023917619,ritumishra905@yahoo.com,platinum,157,26/01/1977,2026-02-12
BH-100906,Tara Desai,9736973774,tara_desai906@hotmail.com,bronze,1311,23/01/1980,2024-06-24
BH-100908,Sanjay Iyer,8062035324,sanjay_ieyr908@rediffmail.com,silver,2616,10/05/2005,2025-06-04
BH-100909,Aishwarya Bansal,8515399078,aishwarya.bansal909@hotmail.com,bronze,2052,30/10/2002,2024-09-13
BH-100912,Prakash R.,9636026299,prakashreddy912@outlook.com,silver,2241,14/09/1995,2025-01-07
BH-100913,Ananya Ali,8983471640,ananya.ali913@yahoo.com,gold,2915,24/02/1992,2024-09-24
BH-100914,hemant reddy,7909873122,hemantreddy914@outlook.com,bronze,2596,19/03/1964,2025-04-14
BH-100915,aishwarya hussain,7575982448,aishwarya_hussain915@yahoo.com,gold,326,24/10/1997,2025-12-11
BH-100916,S. Singh,7031250208,sushma_singh916@hotmail.com,gold,595,17/05/2006,2024-11-02
BH-100917,Karthik P.,7800880720,karthik.pillai917@yahoo.com,bronze,722,13/08/1973,2024-11-02
BH-100918,Naveen Pandey,8353203167,naveenpandey918@rediffmail.com,bronze,1693,06/01/2006,2026-04-16
BH-100919,rajesh mehta,8136043970,rajeshmehta919@gmail.com,bronze,338,13/04/1992,2025-02-13
BH-100921,Komal Verma,8195684394,komal_verma921@hotmail.com,bronze,486,22/10/1985,2025-12-17
BH-100922,Rahul Joshi,9524401574,rahul.joshi922@hotmail.com,bronze,1227,24/12/2002,2025-02-12
BH-100923,Harish N.,7273932967,harsih_naidu923@gmail.com,gold,962,11/11/1983,2026-04-27
BH-100924,Yash Agarwal,8129690690,yash.agarwal924@hotmail.com,gold,85,27/01/1971,2025-10-04
BH-100925,neha ahmed,7434157436,nehaahmed925@yahoo.com,silver,94,22/07/2007,2025-11-03
BH-100926,Vinay Khan,9397411899,vinay_khan926@rediffmail.com,silver,1750,08/04/1978,2026-04-22
BH-100927,Arjun Patel,8600211578,arjunpatel927@hotmail.com,gold,572,09/11/1961,2024-12-10
BH-100929,varun pillai,8750543032,varun_pillai929@rediffmail.com,silver,284,27/12/1982,2025-10-22
BH-100931,Vikram Sheikh,7845542535,vikram_sheikh931@outlook.com,silver,74,25/01/2006,2024-08-03
BH-100932,pallavi bose,8077408045,pallavibose932@yahoo.com,silver,3003,10/06/1961,2024-09-25
BH-100933,Lakshmi Menon,7079529443,lakshmimenon933@hotmail.com,silver,1818,17/02/1979,2025-05-08
BH-100935,Amit Q.,9669015831,amit_uqreshi935@hotmail.com,platinum,1979,23/07/1976,2025-05-28
BH-100936,Prakash Sharma,9699146177,prakash_sharma936@hotmail.com,bronze,1486,29/04/1962,2024-08-21
BH-100937,Komal M.,9758961008,komalmishra937@hotmail.com,gold,3067,16/04/1993,2025-10-09
BH-100938,Saurabh Bansal,9291563587,saurabh.bansal938@gmail.com,bronze,654,05/08/1961,2025-04-23
BH-100943,Meera Patel,8877201711,meerapatel943@gmail.com,gold,4281,22/03/1979,2026-04-09
BH-100945,Varun Das,8191453318,varun_das945@yahoo.com,platinum,1853,16/08/1992,2025-08-04
BH-100946,Anil Chatterjee,7616338345,anil_chatterjee946@yahoo.com,gold,3125,26/02/1989,2025-03-23
BH-100947,Megha M.,9423727836,megha.mukherjee947@gmail.com,silver,2041,25/09/1966,2025-01-17
BH-100948,Anjali Menon,8146254188,anjali_menon948@yahoo.com,gold,138,19/11/1997,2025-06-24
BH-100950,Nisha Banerjee,9282282196,nishabanerjee950@hotmail.com,gold,787,03/12/2004,2024-11-13
BH-100952,Rekha Mukherjee,8509744484,rekha.mukherjee952@rediffmail.com,bronze,266,21/05/1988,2025-08-15
BH-100953,Ishita Kumar,8475609060,ishita_kumar953@rediffmail.com,bronze,186,23/08/1995,2024-07-15
BH-100954,Nitin Chatterjee,7923006534,nitin.chatterjee954@outlook.com,bronze,1821,15/01/2002,2024-12-10
BH-100955,Smita Sheikh,7078525441,smita.sheikh955@yahoo.com,silver,598,17/01/1998,2024-07-25
BH-100957,Rahul Tiwari,8799692854,rahul.tiwari957@outlook.com,bronze,50,29/11/2003,2025-09-24
BH-100958,Nitin Mehta,9898407703,nitni_mehta958@hotmail.com,platinum,266,23/03/1991,2025-07-22
BH-100959,R. Subramanian,7428822432,rekha.subramanian959@gmail.com,bronze,3049,10/01/1969,2025-05-17
BH-100960,Rohan Malhotra,7219003978,rohan.malhotra960@yahoo.com,bronze,354,13/09/1987,2024-08-22
BH-100961,Abhishek Pillai,9380673025,abhishek.pillai961@gmail.com,silver,1202,11/07/2006,2026-01-15
BH-100963,Lakshmi Mehta,8171945659,lakshmi.mehta963@hotmail.com,bronze,147,15/10/1961,2025-02-13
BH-100964,Rakesh Pandey,8139748283,rakesh_pandey964@gmail.com,gold,289,21/01/2002,2025-06-07
BH-100965,Rohan Ali,9710051736,rohan.ali965@rediffmail.com,bronze,163,27/06/1992,2025-09-15
BH-100966,N. Mehta,7824504526,nikhilmehta966@rediffmail.com,silver,689,14/03/1970,2025-03-24
BH-100968,Rohit Pandey,9024418805,rohit.pandey968@rediffmail.com,bronze,35,18/04/1970,2025-06-20
BH-100970,Bhavana Choudhary,9522210250,bhavanachoudhary970@gmail.com,bronze,2472,29/07/1988,2024-08-11
BH-100971,lakshmi tiwari,7295726655,lakshmi.tiwari971@hotmail.com,bronze,1032,19/01/1994,2024-09-04
BH-100972,Rakesh Hussain,8238431322,rakehs.hussain972@gmail.com,gold,2,26/05/1992,2025-08-29
BH-100973,kiran mishra,7455170142,kiran.mishra973@gmail.com,bronze,1744,27/03/2006,2025-11-03
BH-100976,Saurabh Reddy,8825241835,saurabh_reddy976@rediffmail.com,bronze,944,25/09/1980,2025-10-21
BH-100977,Shreya Qureshi,9206174908,shreya.qureshi977@outlook.com,bronze,1100,09/09/2003,2025-09-30
BH-100981,V. Desai,7078041777,varun_desai981@hotmail.com,bronze,955,13/12/1962,2025-12-12
BH-100983,A. Bose,8448701327,aartibose983@gmail.com,bronze,3957,04/02/1995,2024-12-20
BH-100984,suresh banerjee,7148841148,suresh.banerjee984@yahoo.com,bronze,2906,12/11/1986,2024-07-13
BH-100985,Aditya Pillai,7001192373,aditya_pillai985@gmail.com,silver,618,03/07/1983,2025-08-20
BH-100986,Siddharth Sen,8706470820,siddharth_sen986@hotmail.com,bronze,559,07/01/1981,2026-01-12
BH-100988,megha kumar,9652522483,meghakumar988@yahoo.com,bronze,2285,13/09/1974,2026-03-05
BH-100990,R. Yadav,8935682685,ritu.yadav990@rediffmail.com,bronze,667,11/06/1977,2025-12-26
BH-100991,Rohan S.,9058886427,rohansburamanian991@hotmail.com,bronze,3602,07/04/1973,2025-08-16
BH-100992,megha pandey,7482645826,meghapandey992@rediffmail.com,bronze,772,01/05/2001,2025-04-10
BH-100994,imran choudhary,7546041502,imran.choudhary994@rediffmail.com,gold,1525,18/05/1969,2026-01-29
BH-100995,Anil B.,8515037603,anilbhat995@outlook.com,bronze,125,17/02/1968,2024-12-19
BH-100996,Siddharth Verma,7404310842,siddharthverma996@outlook.com,silver,22,12/05/1990,2025-11-01
BH-100997,Divya Pandey,7373213569,divyapandey997@rediffmail.com,bronze,1611,06/06/2005,2025-11-08
BH-100998,Swati Yadav,7498579120,swatiyadav998@gmail.com,bronze,185,27/04/2008,2025-03-19
BH-100999,Naveen Nair,8088596313,naveennair999@yahoo.com,bronze,985,06/05/1979,2025-07-17
BH-101001,Nitin Ali,9289683023,nitin.ali1001@yahoo.com,gold,520,14/12/1976,2024-08-24
BH-101002,G. Roy,7062479069,gaurav.roy1002@outlook.com,silver,2739,28/11/1997,2026-03-19
BH-101004,Priya Qureshi,9162202335,priya_qureshi1004@yahoo.com,bronze,1178,20/05/1983,2024-12-29
BH-101005,Neha Ahmed,7171879606,nehaahmed0105@rediffmail.com,bronze,383,26/11/1972,2025-11-03
BH-101007,Pooja Tiwari,8397917344,pooja_tiwari1007@yahoo.com,silver,360,29/05/2001,2024-09-28
BH-101009,Manish Joshi,7359085501,manishjoshi1009@outlook.com,bronze,1181,22/04/1974,2024-07-10
BH-101010,Sushma Nair,9468599370,sushma_nair1010@yahoo.com,platinum,2184,07/04/1982,2026-02-23
BH-101011,N. Shah,9613890887,nikhil.shah1011@outlook.com,silver,1329,21/12/1994,2026-03-26
BH-101012,Sapna Bose,7059353173,sapna_bose1012@hotmail.com,gold,868,18/11/1991,2024-11-24
BH-101014,Aditya Naidu,8134685493,aditya.naidu1014@hotmail.com,bronze,1190,17/10/1963,2025-08-31
BH-101015,Hemant Khanna,7702663659,hemantkhanna1015@hotmail.com,bronze,3680,07/10/1962,2024-11-15
BH-101016,Rakesh Saxena,8118580428,rakesh_saxena1016@hotmail.com,bronze,936,08/04/1987,2025-04-08
BH-101017,R. Naidu,9887966672,riya.naidu1017@gmail.com,bronze,2645,31/03/1972,2024-11-24
BH-101018,Rekha Trivedi,9648391945,rekha_trivedi1018@gmail.com,bronze,59,10/04/1980,2025-09-20
BH-101019,Ananya Hussain,8842268623,ananyahussain1019@rediffmail.com,silver,1407,16/08/2003,2025-04-20
BH-101020,Mohan Mishra,9914062364,mohan_mishra1020@gmail.com,silver,4411,10/12/1965,2025-07-18
BH-101021,Jaya Sheikh,8199517308,jaya.sheikh1021@rediffmail.com,bronze,1413,09/07/1984,2025-10-03
BH-101022,Priya R.,9318464262,priya_rao1022@yahoo.com,silver,52,12/09/1965,2026-03-01
BH-101023,Faisal Desai,9283908317,faisal_desai1023@yahoo.com,silver,148,03/03/2001,2024-08-27
BH-101027,varun rao,9155986288,varun.rao1027@rediffmail.com,bronze,428,19/10/1993,2025-10-08
BH-101028,Sapna Khanna,7906987862,sapna.khanna1028@hotmail.com,silver,869,29/07/1997,2025-08-01
BH-101029,R. Pillai,9287946715,rakeshpillai1029@rediffmail.com,gold,421,23/08/1966,2024-11-30
BH-101030,Sapna Choudhary,8491859519,sapna.choudhary1030@rediffmail.com,bronze,1339,05/07/1987,2025-08-20
BH-101031,Neha Kapoor,9813139411,neah_kapoor1031@hotmail.com,gold,306,24/06/1990,2025-02-15
BH-101033,Meera Singh,8728395965,meera_singh1033@rediffmail.com,silver,139,07/02/2007,2024-12-21
BH-101036,Pratiksha Banerjee,8102480852,pratiksha.banerjee1036@yahoo.com,bronze,2669,19/02/1999,2025-02-27
BH-101037,Sandeep Patel,8274472751,sandeep.patel1037@hotmail.com,platinum,731,11/11/1997,2025-03-12
BH-101038,Akash Ali,9440219234,akash_ali1038@hotmail.com,platinum,2428,13/07/1999,2026-02-15
BH-101039,A. Shah,7853351257,ashokshah1039@rediffmail.com,silver,244,11/02/1983,2025-12-11
BH-101040,Ritu Pillai,8815684422,ritu.pillai1040@yahoo.com,bronze,963,29/09/1994,2026-05-06
BH-101043,Prakash Das,9495189359,prakash.das1043@gmail.com,bronze,9,09/12/1961,2025-01-14
BH-101044,Tanya Ali,7697505974,tanyaali1044@hotmail.com,bronze,1481,25/01/1985,2026-01-15
BH-101048,Suresh Roy,7003347214,sureshroy1048@gmail.com,silver,280,28/02/1982,2025-12-19
BH-101049,sushma roy,9056562313,sushmaroy1049@yahoo.com,silver,466,28/06/1981,2025-03-31
BH-101050,Ananya C.,9722001473,ananya.choudhary1050@outlook.com,bronze,1728,11/11/2002,2025-11-22
BH-101054,Divya C.,8589169943,divyachoudhary1054@gmail.com,silver,321,31/07/1987,2025-10-22
BH-101058,Lakshmi Mukherjee,8037420391,lakshmi.mukherjee1058@yahoo.com,platinum,3,01/06/1962,2025-04-23
BH-101059,Mahesh Pandey,8789051215,mahesh.pandey1059@rediffmail.com,silver,1039,17/10/1992,2024-09-18
BH-101060,Bhavana Ali,7873891000,bhavanaali1060@outlook.com,silver,2216,29/06/1983,2024-07-05
BH-101061,Naveen Kumar,8937226150,naveen_kumar1061@hotmail.com,gold,444,09/02/1962,2024-09-25
BH-101064,Lakshmi Khanna,8685425264,lakshmi.khanna1064@gmail.com,bronze,23,10/07/1999,2025-01-28
BH-101066,Sapna Iyer,9078773037,sapna.iye1r066@hotmail.com,silver,2511,02/10/1970,2025-01-27
BH-101068,Aliya Sen,7357506994,aliyasen1068@hotmail.com,silver,3060,16/05/1972,2025-07-19
BH-101069,S. Tiwari,7967997264,siddharth.tiwari1069@outlook.com,platinum,1081,20/05/1998,2025-08-09
BH-101070,Rashmi Banerjee,9014149621,rashmi_banerjee1070@outlook.com,bronze,801,20/02/1988,2025-06-25
BH-101072,T. Trivedi,9000497238,trisha_trivedi1072@gmail.com,silver,19,02/10/1995,2026-04-18
BH-101073,Pallavi Mukherjee,7537684814,pallavi.mukherjee1073@outlook.com,bronze,1625,24/12/1986,2025-11-28
BH-101074,Sanjay Joshi,7910685152,sanjayjoshi1074@hotmail.com,bronze,4872,18/07/1983,2024-09-19
BH-101076,Anjali Joshi,8336116137,anjali.joshi1076@outlook.com,gold,3257,20/12/1983,2025-11-01
BH-101079,K. Yadav,7601380590,kiranydaav1079@gmail.com,bronze,2108,17/12/1988,2026-01-14
BH-101080,Rohan Nair,9747612228,rohan.nair1080@yahoo.com,gold,2119,28/06/1998,2026-02-13
BH-101083,Deepak Joshi,7921873682,deepak_joshi1083@yahoo.com,gold,777,01/09/1969,2025-12-01
BH-101084,Yash S.,7527913332,yash_subramanian1084@rediffmail.com,bronze,78,05/06/1963,2026-03-23
BH-101086,Sapna Mukherjee,7648591903,sapna.mukherjee1086@rediffmail.com,silver,1235,06/05/1968,2026-04-09
BH-101087,omar saxena,8157850631,omarsaxena1087@hotmail.com,platinum,335,13/02/1977,2025-10-24
BH-101089,Aditya Saxena,8241086528,aditya_saxena1089@hotmail.com,gold,886,21/02/1969,2025-02-06
BH-101090,Karthik Mehta,8827581181,karthik_mehta1090@gmail.com,silver,961,26/10/1994,2026-01-29
BH-101091,Madhuri Roy,7909007300,madhuri.roy1091@outlook.com,silver,2781,25/11/1981,2026-04-05
BH-101092,A. Sharma,9341059158,ashok_sharma1092@outlook.com,silver,570,14/05/1989,2025-02-03
BH-101093,Aarti Nair,8662066063,aaritnair1093@outlook.com,gold,3036,19/08/2006,2025-06-09
BH-101094,Gaurav B.,9613302280,gauravbhat1094@yahoo.com,bronze,3292,19/03/1963,2024-11-27
BH-101095,Mohan Choudhary,8839972671,mohan.choudhary1095@yahoo.com,bronze,1202,04/01/2007,2025-05-05
BH-101097,aishwarya ali,9510876146,aishwaryaali1097@hotmail.com,bronze,2728,02/12/1987,2024-09-18
BH-101100,Divya Saxena,9390425172,divyasaxena1100@rediffmail.com,gold,1724,11/02/2005,2024-12-09
BH-101101,Rohan Krishnan,9543332049,rohankrishnan1101@hotmail.com,silver,1054,18/02/1978,2025-04-02
BH-101103,Rahul Sen,7407860153,rahulsen1103@gmail.com,bronze,74,01/04/1983,2025-02-28
BH-101104,Tarun Pandey,8775093116,tarunpandey1104@outlook.com,bronze,1439,12/04/1976,2025-05-12
BH-101107,Nisha Hussain,7347921119,nishahussain1107@yahoo.com,bronze,1048,12/04/1961,2025-06-24
BH-101108,D. Bhat,9066592166,deepak_bhat1108@hotmail.com,bronze,2216,09/09/1987,2025-02-24
BH-101109,Ayesha Sen,8004557360,ayesha_sen1109@hotmail.com,bronze,183,26/10/1974,2026-01-11
BH-101110,Tara Naidu,7569764752,tara.naidu1110@outlook.com,silver,660,19/06/1985,2024-12-15
BH-101111,Harish Yadav,7060512405,harishyadav1111@rediffmail.com,bronze,1961,19/05/1963,2025-06-23
BH-101112,Neha B.,9905142420,neha_bhat1112@rediffmail.com,bronze,917,26/07/1994,2025-02-04
BH-101113,Harish Joshi,7422650731,harish.joshi1113@rediffmail.com,bronze,187,30/03/1974,2025-02-02
BH-101115,deepak trivedi,9493978512,deepaktrivedi1115@hotmail.com,bronze,4423,28/10/1979,2025-01-05
BH-101116,Aliya Ahmed,8278246989,aliya_ahmed1116@yahoo.com,platinum,1082,26/08/1963,2025-11-06
BH-101121,Rohit Pillai,7021302155,rohit_pillai1121@gmail.com,bronze,1166,29/08/1993,2026-04-01
BH-101123,Saurabh S.,7797879207,saurabh_sen1123@yahoo.com,platinum,162,25/04/1975,2025-07-26
BH-101126,Gaurav Nair,9675885480,gaurav_nair1126@hotmail.com,bronze,2002,29/01/2008,2024-09-13
BH-101132,Amit Singh,8636998559,amit_singh1132@hotmail.com,bronze,495,06/07/1993,2026-04-25
BH-101133,Asha Desai,9322320388,asha.desai1133@outlook.com,bronze,690,25/12/1992,2024-11-08
BH-101135,Zara Bansal,7144420416,zara_bansal1135@gmail.com,platinum,1282,24/07/2007,2024-07-06
BH-101136,Karthik Pillai,8159796218,karthik.pillai1136@yahoo.com,bronze,2254,06/06/1993,2025-08-26
BH-101138,Sandeep Ahmed,9567183448,sandeep.ahmed1138@yahoo.com,bronze,438,23/06/1973,2025-02-09
BH-101139,Rahul P.,9272921469,rahulpandey1139@yahoo.com,bronze,130,24/03/1968,2025-04-03
BH-101140,Ashok Joshi,9749539436,ashok_joshi1140@hotmail.com,platinum,970,14/11/1994,2024-08-28
BH-101142,Megha Agarwal,9737792982,meghaagarwal1142@hotmail.com,bronze,2437,28/08/1975,2025-06-25
BH-101144,Trisha Krishnan,7128555276,trisha_krishnan1144@outlook.com,gold,1563,18/11/1983,2025-06-26
BH-101145,Rajesh Bhat,8744209682,rajeshbhat1145@gmail.com,bronze,690,12/03/1966,2026-02-18
BH-101147,Sushma Khanna,7991313873,sushma.khanna1147@gmail.com,gold,1150,22/11/2004,2025-04-13
BH-101148,vikram tiwari,7953325058,vikram.tiwari1148@hotmail.com,silver,1575,14/02/1974,2025-09-06
BH-101149,Ananya Roy,9507948816,ananyaroy1149@outlook.com,bronze,2312,15/06/1999,2025-04-29
BH-101154,T. Ahmed,7980976577,tanya.ahmed1154@rediffmail.com,silver,683,09/05/2006,2024-08-16
BH-101156,Pratiksha Naidu,9572744280,pratiksha.naidu1156@gmail.com,silver,3288,21/05/1998,2026-04-02
BH-101157,Yash Sheikh,9224248950,yashsheikh1157@gmail.com,platinum,3442,06/11/1980,2025-10-25
BH-101159,Aishwarya Pandey,8099373430,aishwaryapandey1159@rediffmail.com,bronze,401,14/11/1991,2026-04-26
BH-101160,abhishek agarwal,9662454516,abhishek_agarwal1160@hotmail.com,bronze,2338,14/10/1967,2025-02-09
BH-101161,suresh hussain,7692070710,suresh.hussain1161@outlook.com,bronze,139,15/04/2004,2025-03-06
BH-101162,Suresh Trivedi,9797370107,sureshtrivedi1162@gmail.com,gold,223,15/06/1990,2025-12-16
BH-101163,Hemant Malhotra,7354375938,hemant_malhotra1163@gmail.com,silver,1555,20/12/1985,2024-10-13
BH-101164,Neha Sheikh,9099329530,neha_sheikh1164@rediffmail.com,gold,528,20/08/1978,2024-10-30
BH-101165,Imran Saxena,9084685733,imran.saxena1165@hotmail.com,bronze,558,16/03/1985,2025-12-16
BH-101166,Priya V.,7558631050,priya_verma1166@rediffmail.com,bronze,272,08/11/2000,2024-08-24
BH-101169,Karthik A.,7540116470,karthikali1169@rediffmail.com,bronze,865,14/04/1988,2025-08-07
BH-101170,Mahesh Chatterjee,7073288563,mahesh.chatterjee1170@outlook.com,bronze,1028,09/06/1995,2024-09-25
BH-101172,R. Pillai,7959484477,rahul.pillai1172@hotmail.com,bronze,3017,19/07/1963,2025-01-18
BH-101173,R. Bose,8314626212,rakesh.bose1173@outlook.com,bronze,185,19/01/2007,2024-07-11
BH-101181,Zara Naidu,9109212258,zaranaidu1181@outlook.com,silver,1589,03/06/1968,2025-11-15
BH-101183,Prakash Sheikh,7929144747,prakash_sheikh1183@rediffmail.com,gold,913,01/12/2003,2025-01-13
BH-101184,Tara D.,7707137991,tara_desai1184@yahoo.com,bronze,361,19/07/1979,2026-04-16
BH-101185,Vikram Pandey,7503273047,vikrampandey1185@yahoo.com,gold,78,18/01/1994,2025-07-01
BH-101187,S. Sharma,9861501532,sapna_sharma1187@rediffmail.com,bronze,18,28/08/1972,2026-02-17
BH-101188,Vinay Trivedi,8207657268,vinaytrivedi1188@gmail.com,silver,235,17/05/1993,2025-10-10
BH-101189,Zara Nair,8164233388,zara.nair1189@hotmail.com,silver,2061,07/02/1995,2024-06-21
BH-101190,Rohit Ahmed,9890628610,rohit_ahmed1190@outlook.com,gold,2848,12/08/1977,2025-09-20
BH-101191,R. Shah,8597930519,riyashah1191@hotmail.com,silver,2085,01/12/1970,2025-06-30
BH-101193,Tarun R.,9733800676,tarun.reddy1193@rediffmail.com,silver,735,07/10/1974,2024-12-10
BH-101194,R. Kapoor,9815909317,rohitkapoor1194@yahoo.com,platinum,799,21/09/1975,2025-04-15
BH-101195,Harish Saxena,7147134317,harish_saxena1195@rediffmail.com,bronze,1077,06/03/1987,2025-06-11
BH-101197,Tara Khan,9661913565,tara.khan1197@rediffmail.com,bronze,1787,15/11/1995,2024-07-30
BH-101198,Smita Pillai,8025277936,smita_pillai1198@outlook.com,bronze,2377,08/12/2006,2024-08-27
BH-101199,Deepak Agarwal,9392871250,deepak_agarwal1199@gmail.com,bronze,1990,27/07/1967,2024-10-01
BH-101202,Aliya Kumar,7665177977,aliya.kumar1202@yahoo.com,bronze,135,13/12/1973,2025-07-17
BH-101203,Omar Subramanian,9502068157,omarsubramanian1203@rediffmail.com,silver,2564,26/05/1986,2025-02-21
BH-101204,Siddharth Banerjee,7227574667,siddharth_banerjee1204@outlook.com,bronze,4042,04/03/1990,2024-10-25
BH-101205,N. Yadav,7723298395,nisha_yadav1205@gmail.com,silver,1062,26/03/1982,2025-11-17
BH-101207,Varun Iyer,7424133469,varun.iyer1207@outlook.com,bronze,278,20/11/1978,2025-03-26
BH-101208,Hemant Mishra,8107448005,hemantmishra1208@rediffmail.com,silver,1228,18/10/2001,2024-06-26
BH-101210,Deepak Gupta,9535223791,deepakgupta1210@hotmail.com,bronze,1956,25/04/1984,2024-08-29
BH-101211,aliya mukherjee,9080868876,aliyamukehrjee1211@yahoo.com,bronze,4103,08/11/1965,2025-12-30
BH-101213,Megha Desai,9476143267,meghadesai1213@hotmail.com,bronze,102,29/11/1977,2025-08-20
BH-101214,Swati Banerjee,9164006911,swatibanerjee1214@gmail.com,silver,1816,22/03/1999,2025-05-05
BH-101217,lakshmi subramanian,8170026671,lakshmi_subramanian1217@gmail.com,bronze,379,19/03/1965,2025-06-26
BH-101219,Nisha A.,9957907557,nisha.ali1219@outlook.com,bronze,1518,03/09/1995,2025-06-26
BH-101221,P. Sheikh,9999123714,pallavi_sheikh1221@gmail.com,silver,1972,16/09/2001,2025-04-06
BH-101222,Geeta Pandey,9753533549,geetapandey1222@rediffmail.com,bronze,1498,13/12/1990,2025-08-16
BH-101223,Kavya Singh,9431400338,kavya_singh1223@outlook.com,gold,619,24/06/1999,2025-09-28
BH-101225,Sandeep Sharma,7897485548,sandeep.sharma1225@gmail.com,gold,124,07/11/1979,2025-10-12
BH-101228,Akash B.,8498187593,akashbansal1228@rediffmail.com,silver,507,22/10/1970,2024-10-19
BH-101230,Priya Mishra,9084113581,priya_mishra1230@rediffmail.com,silver,2114,01/11/2001,2026-02-10
BH-101232,Ishita Subramanian,7358647834,ishita_subramanian1232@yahoo.com,gold,673,07/04/1971,2025-04-18
BH-101233,Rajesh Trivedi,8369563983,rajeshtrivedi1233@rediffmail.com,bronze,492,02/10/1978,2025-07-29
BH-101234,Sandeep Saxena,8931343474,sandeepsaxena1234@hotmail.com,silver,1177,22/09/2006,2025-10-08
BH-101236,Neha Chatterjee,9579801318,neha_chatterjee1236@hotmail.com,silver,113,12/03/1984,2025-08-03
BH-101237,Aliya Ahmed,8431989406,aliyaahmed1237@outlook.com,gold,40,08/02/1996,2025-12-30
BH-101238,Nisha Kapoor,7344432353,nisha_kapoor1238@hotmail.com,gold,692,02/11/1982,2026-02-05
BH-101239,Komal Nair,9179295045,komal_nair1239@rediffmail.com,bronze,627,27/01/1984,2026-03-24
BH-101242,Mahesh Reddy,8156663284,mahesh.erddy1242@rediffmail.com,bronze,1774,07/10/1972,2025-06-05
BH-101245,Riya Sheikh,9898816256,riyasheikh1245@rediffmail.com,bronze,911,03/09/1986,2025-06-10
BH-101246,Rakesh Hussain,8205314450,rakeshhussain1246@rediffmail.com,silver,142,17/11/1985,2024-11-23
BH-101247,Suresh Trivedi,7420519500,suresh_trivedi1247@rediffmail.com,platinum,260,16/10/1999,2024-12-08
BH-101248,Trisha Khanna,7365639043,trisha_khanna1248@yahoo.com,bronze,2150,27/01/1988,2025-05-04
BH-101250,Anjali Khan,7906630462,anjalikhan1250@rediffmail.com,bronze,2133,07/02/2002,2025-11-16
BH-101251,Anil Krishnan,8800321765,anilkrishnan1251@yahoo.com,bronze,364,02/02/1961,2026-02-26
BH-101252,Rajesh Qureshi,9490516926,rajesh.qureshi1252@rediffmail.com,gold,233,09/12/1967,2026-04-10
BH-101253,M. Mukherjee,9600725699,madhurimukherjee1253@hotmail.com,silver,365,25/10/1994,2026-01-12
BH-101254,S. Ali,8960020392,sonia_ali1254@gmail.com,silver,1849,27/06/1993,2026-04-22
BH-101256,Priya Banerjee,7233269198,priyabanerjee1256@hotmail.com,gold,2248,12/04/1997,2024-06-29
BH-101258,Geeta Desai,8969590831,geetadesai1258@outlook.com,platinum,1241,23/03/1989,2026-01-02
BH-101259,Pallavi Khanna,7995293153,pallavikhanna1259@gmail.com,platinum,653,06/06/1971,2025-05-04
BH-101261,Rohan Hussain,9742043526,rohan.hussain1261@rediffmail.com,silver,477,22/11/1969,2026-05-09
BH-101264,Arjun Bhat,8077083838,arjunbhat1264@yahoo.com,silver,2826,12/05/1990,2026-01-28
BH-101265,Kiran Pillai,9685196131,kiranpillai1265@outlook.com,silver,1324,02/09/1962,2025-10-27
BH-101266,Sapna Shah,7553750168,sapna_shah1266@yahoo.com,silver,167,14/05/1972,2025-11-09
BH-101268,Vinay Agarwal,8034108691,vinay_agarwal1268@outlook.com,silver,1562,05/10/1964,2025-07-04
BH-101270,Riya Verma,7609424015,riyaverma1270@outlook.com,bronze,2204,15/12/1974,2025-07-16
BH-101271,Sneha P.,8202373142,sneha.pillai1271@yahoo.com,bronze,860,10/10/1999,2025-03-13
BH-101273,Rajesh Mehta,8508879907,rajesh_mehta1273@gmail.com,bronze,3008,21/09/1961,2025-10-30
BH-101274,Aditya Mehta,8001924015,adityamehta1274@yahoo.com,bronze,727,07/07/1977,2026-03-30
BH-101277,Trisha Kapoor,8426596922,trisha.kapoor1277@gmail.com,gold,1313,04/08/2007,2026-02-23
BH-101278,L. Mehta,9823088211,lakshmi.mehta1278@outlook.com,bronze,421,02/01/1968,2025-10-06
BH-101279,Rakesh Verma,9181773352,rakesh.verma1297@rediffmail.com,bronze,1879,09/03/1988,2025-06-12
BH-101282,Swati Bose,8117555731,swatibose1282@outlook.com,bronze,131,21/09/1999,2025-01-08
BH-101285,Rajesh Singh,7537615607,rajeshsingh1285@gmail.com,gold,1585,08/08/1982,2025-10-27
BH-101289,Swati Mishra,8618986370,swatimishra1289@outlook.com,silver,3927,06/06/1980,2025-07-17
BH-101290,Mohan Qureshi,8153145628,mohan.qureshi1920@rediffmail.com,bronze,3,03/01/2000,2025-06-25
BH-101292,Rekha M.,9484312946,rekha.mehta1292@gmail.com,bronze,2669,09/08/1996,2026-03-30
BH-101293,Smita B.,7125202949,smita_banerjee1293@gmail.com,bronze,616,21/08/1973,2025-12-27
BH-101294,Tara Pillai,8309076705,tara.pillai1294@yahoo.com,silver,551,17/07/1974,2026-04-12
BH-101298,Aarti Malhotra,9388767264,aarti_malhotra1298@yahoo.com,gold,1812,26/02/2007,2024-08-13
BH-101302,N. Mehta,8197681356,nitin_mehta1302@gmail.com,silver,725,19/11/1981,2024-08-06
BH-101306,R. Rao,8519915748,rakeshrao1306@rediffmail.com,platinum,870,01/07/1993,2025-11-20
BH-101307,Kiran Singh,8354131177,kiran_singh1307@hotmail.com,silver,71,06/09/1963,2024-11-28
BH-101308,Aditya Menon,7189538052,adityamenon1308@yahoo.com,bronze,244,31/03/2004,2025-11-03
BH-101310,Pratiksha Qureshi,9476357044,pratiksha_qureshi1310@rediffmail.com,gold,2637,20/03/1986,2024-06-29
BH-101312,Sanjay Hussain,9899976565,sanjay.hussain1312@hotmail.com,silver,8,02/07/1996,2025-11-06
BH-101314,Riya Rao,7450386191,riya.rao1314@outlook.com,bronze,12,08/05/1968,2025-12-18
BH-101316,Tarun Sharma,9755372345,tarun.sharma1316@rediffmail.com,gold,1139,19/01/2008,2025-02-03
BH-101318,Akash Roy,9427368147,akash_roy1318@rediffmail.com,bronze,2457,25/02/2001,2025-01-31
BH-101319,Sandeep K.,9459987321,sandeep.kapoor1319@gmail.com,bronze,703,09/11/1980,2024-08-30
BH-101320,Komal Hussain,7730996274,komal.hussain1320@yahoo.com,silver,2601,26/02/1987,2025-11-19
BH-101322,Sapna Chatterjee,9874949743,sapnachatterjee1322@outlook.com,gold,344,24/06/1978,2025-09-17
BH-101324,Sneha Menon,7544313461,sneha.menon1324@yahoo.com,silver,3608,20/11/1996,2025-07-13
BH-101325,Kiran Pillai,8819519286,kiranpillai1325@outlook.com,bronze,700,12/06/1977,2025-02-21
BH-101326,Geeta Mehta,8834664105,geeta.mehta1326@gmail.com,bronze,610,24/07/1977,2025-01-12
BH-101327,Harish Joshi,7477096925,harish.joshi1327@gmail.com,silver,3510,19/06/2005,2025-04-08
BH-101328,Sapna Desai,7876367159,sapna.desai1328@hotmail.com,silver,2870,25/11/1980,2025-07-25
BH-101329,abhishek bansal,7569861931,abhishek_bansal1329@hotmail.com,bronze,4301,08/08/1985,2025-02-11
BH-101330,Sandeep Ahmed,9744389452,sandeepahmed1330@outlook.com,silver,3931,26/01/2005,2025-05-17
BH-101332,Arjun Pillai,8228052009,arjun_pillai1332@hotmail.com,bronze,3438,17/10/1961,2024-10-28
BH-101333,D. Shah,8454675871,divyashah1333@outlook.com,bronze,151,27/04/1982,2025-06-07
BH-101334,Jaya Saxena,9536916491,jaya_saxena1334@hotmail.com,gold,1070,27/04/1971,2025-03-05
BH-101335,trisha khan,8027205722,trishakhan1335@gmail.com,bronze,608,31/08/2006,2025-08-01
BH-101337,Rashmi Verma,9798471876,rashmi.verma1337@hotmail.com,gold,1065,07/08/2005,2025-05-12
BH-101339,Mohan Chatterjee,9614753446,mohan_chatterjee1339@gmail.com,silver,2812,07/09/1994,2026-01-26
BH-101340,Naveen Sharma,8978540073,naveensharma1340@gmail.com,gold,926,18/06/1990,2025-09-09
BH-101342,Sushma Pandey,9793882880,sushma.pandey1342@hotmail.com,platinum,821,16/11/1992,2025-07-07
BH-101343,Faisal Subramanian,8987629003,faisal_subramanian1343@yahoo.com,silver,2629,25/12/1982,2025-05-26
BH-101344,Meera Hussain,8925829762,meera.hussain1344@hotmail.com,silver,4217,14/09/1976,2024-12-18
BH-101346,Gaurav Singh,9560009504,gauarvsingh1346@gmail.com,gold,294,03/01/1970,2025-11-01
BH-101347,Ayesha Saxena,8649701023,ayesha_saxena1347@yahoo.com,silver,2237,01/07/1983,2024-10-31
BH-101349,sapna sen,9917266740,sapnasen1349@gmail.com,silver,1877,13/09/1974,2024-10-19
BH-101350,K. Nair,9306761075,karthik_nair1350@outlook.com,bronze,1315,09/02/1968,2025-08-29
BH-101352,Pranav Choudhary,9253927497,pranavchoudhary1352@outlook.com,bronze,1350,08/03/2003,2025-10-17
BH-101355,Akash R.,8422051630,akash_rao1355@yahoo.com,silver,2048,25/12/2003,2025-05-08
BH-101357,Megha Ahmed,7131756291,megha.ahmed1357@hotmail.com,bronze,1482,15/03/1999,2024-09-10
BH-101358,Siddharth Khan,8048030541,siddharth.khan1358@gmail.com,silver,804,19/12/1980,2025-04-02
BH-101359,Rekha Yadav,9994655954,rekhayadav1359@outlook.com,bronze,1399,07/09/1997,2025-02-23
BH-101360,vikram trivedi,8736534975,vikramtrivedi1360@gmail.com,bronze,231,06/06/1995,2025-07-24
BH-101361,Neha Saxena,7228775520,neha_saxena1361@gmail.com,gold,77,18/12/1966,2026-01-24
BH-101364,riya sen,7619741372,riya.sen1364@hotmail.com,bronze,404,03/04/1981,2025-12-16
BH-101365,Kiran Menon,9089721767,kiran.menon1365@hotmail.com,silver,981,19/11/1973,2025-12-06
BH-101366,Pranav Sen,7560568150,pranav_sen1366@gmail.com,bronze,444,28/07/1966,2026-01-08
BH-101371,Arjun R.,9459275728,arjun.reddy1371@outlook.com,silver,412,07/05/1972,2025-06-18
BH-101374,tarun sheikh,9750241959,tarunsheikh1374@rediffmail.com,silver,1193,27/12/1982,2026-02-20
BH-101377,Yash Pillai,7246615702,yash.pillai1377@hotmail.com,gold,2634,13/08/2005,2024-11-22
BH-101379,Rekha Banerjee,9957731057,rekha_banerjee1379@outlook.com,bronze,3585,03/04/1962,2025-11-04
BH-101380,Ritu Qureshi,8489251766,ritu_qureshi1380@outlook.com,bronze,3552,05/02/1961,2025-09-09
BH-101381,H. Bansal,7960045740,hemant.bansal1381@yahoo.com,gold,467,25/05/1964,2025-12-17
BH-101383,Naveen N.,9637883602,naveen.naidu1383@gmail.com,bronze,2138,20/09/1960,2024-09-20
BH-101384,Vikram Gupta,7577051408,vikram.gupta1384@gmail.com,bronze,239,30/06/2007,2025-02-13
BH-101387,Aarti Sen,8000416604,aartisen1387@gmail.com,bronze,800,13/01/1983,2025-05-10
BH-101389,Faisal Tiwari,7862795728,faisal.tiwari1389@rediffmail.com,bronze,873,13/02/1983,2026-04-10
BH-101390,swati mehta,8996062850,swatimehta1390@outlook.com,silver,460,31/07/1980,2024-12-10
BH-101392,Geeta Gupta,8668733913,geeta_gupta1392@yahoo.com,bronze,164,30/06/1963,2026-03-26
BH-101395,Varun Khan,7924474510,varun.khan1395@rediffmail.com,silver,63,15/11/1983,2025-09-28
BH-101397,Bhavana Kapoor,7222515274,bhavana_kapoor1397@gmail.com,silver,3391,10/09/1994,2025-04-30
BH-101398,Abhishek Choudhary,7477612833,abhishekchoudhary1398@rediffmail.com,silver,30,30/08/1989,2025-05-13
BH-101400,Rakesh Patel,8255682380,rakesh_patel1400@rediffmail.com,gold,2264,29/09/1985,2025-04-12
BH-101401,Rashmi Chatterjee,7588762783,rashmi.cahtterjee1401@outlook.com,bronze,2622,06/01/2005,2025-10-26
BH-101402,Mohan Menon,7560574123,mohanmenon1402@yahoo.com,bronze,1265,31/07/1985,2026-04-23
BH-101403,Rakesh Pillai,7036596987,rakeshpillai1403@hotmail.com,bronze,1874,17/12/1989,2025-08-03
BH-101404,smita tiwari,9441229845,smita.tiwari1404@gmail.com,bronze,105,16/12/1971,2025-04-04
BH-101405,P. Pandey,7952388127,pranav_pandey1405@outlook.com,bronze,1481,22/04/1979,2024-11-13
BH-101407,Ishita Desai,8407578394,ishita_desai1407@yahoo.com,gold,227,25/11/1969,2025-08-11
BH-101408,Tarun Kumar,8470931353,tarunkumar1408@rediffmail.com,bronze,84,18/03/1962,2025-05-21
BH-101409,Megha P.,7028172148,megha_pillai1409@outlook.com,bronze,1193,09/08/1996,2025-02-17
BH-101410,Sanjay Mukherjee,9696230844,sanjaymukherjee1410@rediffmail.com,gold,669,10/08/1984,2026-02-01
BH-101411,Anjali Singh,9090646090,anjali.singh1411@rediffmail.com,bronze,938,04/07/1966,2024-06-22
BH-101412,Vikram Pillai,8023255223,vikram.pillai1412@yahoo.com,gold,884,21/02/1982,2025-08-22
BH-101413,Arjun Saxena,9248034709,arjun.saxena1413@rediffmail.com,bronze,91,29/10/2007,2025-11-03
BH-101414,Deepak Ahmed,9855146183,deepak.ahmed1414@gmail.com,bronze,1927,19/06/1984,2025-09-03
BH-101416,Karthik B.,8166177398,karthik_bhat1416@yahoo.com,bronze,35,16/05/1963,2025-04-22
BH-101417,Omar Patel,8863268736,omarpatel1417@rediffmail.com,platinum,161,08/10/1960,2025-10-05
BH-101418,Aishwarya Malhotra,7492370625,aishwarya.malhotra1418@hotmail.com,silver,3698,14/08/1969,2025-09-03
BH-101425,Aishwarya Ahmed,7701144902,aishwayra_ahmed1425@gmail.com,bronze,1590,07/04/1967,2025-09-15
BH-101427,Divya M.,7560275599,divya.mishra1427@yahoo.com,bronze,529,02/09/1978,2024-06-19
BH-101428,Sushma Roy,7776112151,sushma_roy1428@gmail.com,bronze,475,22/01/1996,2024-09-11
BH-101433,Vikram Ahmed,9746128428,vikramamhed1433@hotmail.com,bronze,105,08/01/1993,2025-11-16
BH-101435,bhavana verma,7891397175,bhavanaverma1435@rediffmail.com,gold,1756,07/07/1968,2024-10-25
BH-101437,megha menon,7729981477,meghamenon1437@gmail.com,silver,1170,12/06/1975,2026-02-23
BH-101438,S. Ali,9113568687,siddharthali1438@hotmail.com,bronze,634,19/03/1980,2025-08-04
BH-101439,tara pillai,7128558975,tara_pillai1439@hotmail.com,gold,1929,20/12/1964,2025-12-08
BH-101442,manish gupta,9031432498,manish.gupta1442@gmail.com,gold,1634,09/11/1998,2025-10-24
BH-101444,H. Malhotra,7421536885,harish_malhotra1444@gmail.com,bronze,658,14/04/1985,2025-07-18
BH-101445,Anjali Reddy,7903915446,anjali.reddy1445@outlook.com,silver,3365,13/01/1984,2025-11-27
BH-101447,N. Pandey,8006006234,nishapandey1447@hotmail.com,bronze,680,17/12/1984,2026-02-06
BH-101448,Tara Reddy,8154937041,tara_redyd1448@outlook.com,bronze,1976,13/04/1986,2025-03-04
BH-101449,Rahul Mehta,7971145821,rahul_mehta1449@hotmail.com,platinum,839,05/09/1970,2025-06-19
BH-101450,Ashok Subramanian,9542112203,ashoksubramanian1450@gmail.com,bronze,1763,25/11/1990,2024-12-18
BH-101454,Anjali Krishnan,7898486802,anjali.krishnan1454@hotmail.com,bronze,1346,01/07/1993,2024-10-19
BH-101455,Yash Kumar,7838246955,yashkumar1455@yahoo.com,bronze,3330,27/03/1979,2026-04-24
BH-101456,Ashok Das,8421840697,ashokdas1456@rediffmail.com,bronze,64,31/05/1979,2026-03-17
BH-101457,Rajesh Menon,7356779203,rajeshmenon1457@hotmail.com,silver,1032,23/10/2002,2025-08-24
BH-101458,Jaya Singh,8534437778,jayasingh1458@rediffmail.com,bronze,413,19/10/1995,2026-03-17
BH-101460,Aarti Malhotra,9187738633,aarti_malhotra1460@gmail.com,bronze,1717,26/06/1995,2025-10-29
BH-101461,Amit Malhotra,9493388623,amit.malhotra1461@hotmail.com,bronze,664,22/06/1961,2024-08-12
BH-101464,Vinay Qureshi,7952237950,vinay_qureshi1464@hotmail.com,silver,922,03/04/1983,2024-12-07
BH-101465,Pranav Iyer,9797584760,pranav.iyer1465@gmail.com,bronze,1460,13/07/1966,2025-02-22
BH-101468,Vikram Patel,7992968034,vikram_patel1468@gmail.com,gold,2454,09/05/1974,2025-08-07
BH-101469,Akash Bose,9189979646,akashbose1469@yahoo.com,silver,211,07/05/1995,2025-08-17
BH-101470,nitin menon,9691197867,nitin.menon1470@yahoo.com,silver,2311,22/08/1960,2026-03-19
BH-101471,mohan roy,8177520600,mohan_roy1471@gmail.com,silver,3047,14/12/2004,2025-11-22
BH-101472,Karthik Reddy,9414319448,karthik.reddy1472@outlook.com,silver,182,10/07/1967,2026-03-31
BH-101473,Mahesh Subramanian,7649226579,maheshsubramanian1473@rediffmail.com,platinum,1859,27/09/1999,2025-11-09
BH-101474,Akash Reddy,9597896194,akash.rdedy1474@yahoo.com,silver,1521,03/02/1986,2026-01-26
BH-101476,Rekha R.,9591176327,rekharao1476@rediffmail.com,bronze,1190,21/07/1978,2025-02-20
BH-101477,Rashmi S.,8114119590,rashmi.sharma1477@rediffmail.com,gold,2452,20/09/1972,2024-12-15
BH-101479,Rekha Roy,7724482641,rekharoy1479@gmail.com,bronze,1621,04/05/2008,2025-10-14
BH-101480,kiran desai,9609433192,kiran.desai1480@outlook.com,gold,2090,27/08/1967,2025-09-07
BH-101481,Harish K.,8072808269,harish.kumar1481@outlook.com,bronze,7,09/08/1964,2025-03-23
BH-101482,Divya M.,7594412700,divya_mukherjee1482@gmail.com,silver,4276,04/11/1984,2024-10-16
BH-101483,yash mehta,7761550184,yashmehta1483@yahoo.com,silver,2102,17/05/1986,2025-01-01
BH-101485,Omar K.,9885699825,omar_krishnan1485@gmail.com,silver,121,31/12/1978,2025-12-31
BH-101486,Sneha Das,9085443886,sneha_das1486@rediffmail.com,bronze,3,17/06/1977,2024-11-03
BH-101488,Nisha Tiwari,9763328389,nisha.tiwari1488@hotmail.com,silver,1760,29/03/1976,2026-03-06
BH-101489,Tarun Agarwal,8034318019,tarunagarwal1489@hotmail.com,bronze,434,08/08/1996,2025-08-20
BH-101490,Sapna Sharma,8858444547,sapnasharma1490@yahoo.com,bronze,188,12/02/1967,2025-12-02
BH-101491,Sanjay Khanna,7970878481,sanjaykhanna1491@outlook.com,bronze,647,30/03/1977,2026-04-04
BH-101494,Nitin Bose,7449984654,nitin_bose1494@gmail.com,silver,3919,11/12/1980,2025-09-13
BH-101495,Anjali Trivedi,7447803753,anjali_trivedi1495@yahoo.com,silver,60,15/05/1964,2025-08-01
BH-101496,Anil Ali,9455601360,anil.ali1496@outlook.com,bronze,4302,14/11/1977,2024-10-07
BH-101497,Komal Naidu,7359862456,komal_naidu1497@yahoo.com,bronze,217,08/02/1979,2025-07-16
BH-101498,Jaya Pillai,7854077593,jyaa_pillai1498@gmail.com,bronze,1339,30/01/2001,2026-05-02
